ID,1차 카테고리,2차 카테고리,활동지역,상세지역,카페명,URL,회원수,핫딜게시판,등업불가,일반발행가능
cf-0001,건강/운동/스포츠,건강,,,간사랑동호회,https://cafe.naver.com/liverlover,117033,,,O
cf-0002,건강/운동/스포츠,건강,,,척추질환 환우모임,https://cafe.naver.com/peopledisc,365377,,,O
cf-0003,건강/운동/스포츠,건강,,,고고당,https://cafe.naver.com/pyurion,50455,,,O
cf-0004,건강/운동/스포츠,건강,,,십자인대 및 무릎환자,https://cafe.naver.com/aclknee,80661,,,O
cf-0005,건강/운동/스포츠,건강,,,십자인대파열,https://cafe.naver.com/mcf79,58836,,,O
cf-0006,건강/운동/스포츠,건강,,,비영리카페 어다모,https://cafe.naver.com/shoulder75,41571,,,O
cf-0007,건강/운동/스포츠,건강,,,고관절무혈성괴사환우모임,https://cafe.naver.com/againwin,26089,,O,O
cf-0008,건강/운동/스포츠,건강,,,다이안의 건강여행기,https://cafe.naver.com/huridisc,124732,,,O
cf-0009,건강/운동/스포츠,건강,,,통제모,https://cafe.naver.com/coodos10,25694,,,O
cf-0010,건강/운동/스포츠,건강,,,신비한 유기셀레늄의 건강여행기,https://cafe.naver.com/tksdich0926,138,,,O
cf-0011,건강/운동/스포츠,건강,,,라준사,https://cafe.naver.com/navercafezz,189190,,,O
cf-0012,건강/운동/스포츠,건강,,,시험관아기카페,https://cafe.naver.com/babyscoming,102789,,,O
cf-0013,건강/운동/스포츠,건강,,,우아갱,https://cafe.naver.com/eoc01,10268,,,O
cf-0014,건강/운동/스포츠,건강,,,여성질환벗어나기,https://cafe.naver.com/nbon1ine,2468,,,O
cf-0015,건강/운동/스포츠,건강,,,갱년기 건강연구소,https://cafe.naver.com/purplelove7,29,,,O
cf-0016,건강/운동/스포츠,건강,,,갱수다,https://cafe.naver.com/xeromultiipx,1132,,,O
cf-0017,건강/운동/스포츠,건강,,,뇌질환환우모임,https://cafe.naver.com/perfectsv,240582,,,O
cf-0018,건강/운동/스포츠,건강,,,신장병환우모임,https://cafe.naver.com/tlswkd,179832,,,O
cf-0019,건강/운동/스포츠,건강,,,전담금,https://cafe.naver.com/eleccigar,164800,,,O
cf-0020,건강/운동/스포츠,건강,,,안구건조증,https://cafe.naver.com/2013platonic,53096,,,O
cf-0021,건강/운동/스포츠,건강,,,파킨슨병,https://cafe.naver.com/parkinson777,31766,,,O
cf-0022,건강/운동/스포츠,건강,,,치건사모,https://cafe.naver.com/chigunsamo,70397,,,O
cf-0023,건강/운동/스포츠,건강/아이,,,아이맘,https://cafe.naver.com/coodos17,55949,,,O
cf-0024,건강/운동/스포츠,건강/아이,,,거북맘VS토끼맘,http://cafe.naver.com/getampethskin,298509,,,O
cf-0025,건강/운동/스포츠,건강/헤어,,,삼탈모,https://cafe.naver.com/30talmo,55500,,,O
cf-0026,건강/운동/스포츠,건강/헤어,,,모네상스,https://cafe.naver.com/gameguidel,113264,,,O
cf-0027,건강/운동/스포츠,건강/헤어,,,이마반,https://cafe.naver.com/imaban,368571,,,O
cf-0028,건강/운동/스포츠,건강/헤어,,,부경모,https://cafe.naver.com/minecraftkor,83463,,,O
cf-0029,결혼/뷰티/요리/패션,결혼,,,다이렉트결혼준비,https://cafe.naver.com/directwedding,1007291,,O,O
cf-0030,결혼/뷰티/요리/패션,결혼,,,웨딩공부,https://cafe.naver.com/llchyll,287750,,,O
cf-0031,결혼/뷰티/요리/패션,결혼,,,부산결준비,https://cafe.naver.com/wedding02,103922,,,O
cf-0032,결혼/뷰티/요리/패션,결혼,,,경남결준비,https://cafe.naver.com/wedding055,86232,,,O
cf-0033,결혼/뷰티/요리/패션,결혼,,,광주결준비,https://cafe.naver.com/wedding062,33504,,,O
cf-0034,결혼/뷰티/요리/패션,결혼,,,짠순이,https://cafe.naver.com/ssekzoa,154456,,,O
cf-0035,결혼/뷰티/요리/패션,결혼,,,제이웨딩,https://cafe.naver.com/b00k2012,62591,,,O
cf-0036,결혼/뷰티/요리/패션,결혼,,,대전결혼준비,https://cafe.naver.com/tjkms,11545,,,O
cf-0037,직장인/업종/창업/취업,광고/마케팅,,,광고문의,https://cafe.naver.com/hamimoms,10707,,,O
cf-0038,교육/자격증/유학/이민,교육,,,독취사,https://cafe.naver.com/dokchi,3340339,,,O
cf-0039,교육/자격증/유학/이민,교육,,,실용음악닷컴,https://cafe.naver.com/apmusic,44903,,,O
cf-0040,교육/자격증/유학/이민,교육,,,실준사,https://cafe.naver.com/im2012,46175,,,O
cf-0041,교육/자격증/유학/이민,교육/자격증,,,공드림,https://cafe.naver.com/gugrade,938353,,,O
cf-0042,교육/자격증/유학/이민,교육/자격증,,,닥경사,https://cafe.naver.com/rhent,207313,,,O
cf-0043,교육/자격증/유학/이민,교육/자격증,,,경꿈사,https://cafe.naver.com/polstudy,274686,,,O
cf-0044,교육/자격증/유학/이민,교육/자격증,,,경수모,https://cafe.naver.com/tocop,271932,,,O
cf-0045,교육/자격증/유학/이민,교육/자격증,,,공수모,https://cafe.naver.com/corspecial,39518,,,O
cf-0046,교육/자격증/유학/이민,교육/자격증,,,경시모,https://cafe.naver.com/gongsimo1140,18727,,,O
cf-0047,교육/자격증/유학/이민,교육/자격증,,,7공9공카페,https://cafe.naver.com/kkaebangjeong,41434,,,O
cf-0048,교육/자격증/유학/이민,교육/자격증,,,독공사,https://cafe.naver.com/m2school,841459,,,O
cf-0049,교육/자격증/유학/이민,교육/자격증,,,합격하이웨이,https://cafe.naver.com/mogo,14384,,,O
cf-0050,교육/자격증/유학/이민,교육/자격증,,,나공,https://cafe.naver.com/icangongmuwon,18806,,,O
cf-0051,교육/자격증/유학/이민,교육/자격증,,,공준생,https://cafe.naver.com/parkhyeon6,3973,,,O
cf-0052,교육/자격증/유학/이민,교육/자격증,,,소방꿈,https://cafe.naver.com/gsdccompany,107922,,,O
cf-0053,교육/자격증/유학/이민,교육/자격증,,,소사모,https://cafe.naver.com/im119,63048,,,O
cf-0054,교육/자격증/유학/이민,교육/자격증,,,소꿈사,https://cafe.naver.com/firepass119,23064,,,O
cf-0055,교육/자격증/유학/이민,교육/자격증,,,소방119,https://cafe.naver.com/jpolicecenter,10787,,,O
cf-0056,교육/자격증/유학/이민,교육/자격증,,,공도사,https://cafe.naver.com/emsibt,294709,,,O
cf-0057,교육/자격증/유학/이민,교육/자격증,,,공사모,https://cafe.naver.com/landpro,427076,,,O
cf-0058,교육/자격증/유학/이민,교육/자격증,,,공취모,https://cafe.naver.com/dakchi,1006233,,,O
cf-0059,교육/자격증/유학/이민,교육/자격증,,,공준모,https://cafe.naver.com/studentstudyhard,751364,,,O
cf-0060,교육/자격증/유학/이민,교육/자격증,,,전간조,https://cafe.naver.com/rksghwhantk,327695,,,O
cf-0061,교육/자격증/유학/이민,교육/학습,,,영유나라,https://cafe.naver.com/studycool,83499,,,O
cf-0062,교육/자격증/유학/이민,교육/학습,,,영어꿀,https://cafe.naver.com/4dramaenglish,109208,,,O
cf-0063,교육/자격증/유학/이민,교육/학습,,,영어랑,https://cafe.naver.com/allkillenglish,233385,,,O
cf-0064,교육/자격증/유학/이민,교육/학습,,,토익마스터,https://cafe.naver.com/bjfms3,89497,,,O
cf-0065,교육/자격증/유학/이민,교육/학습,,,SAC항공유학,https://cafe.naver.com/ch47d1,13858,,,O
cf-0066,교육/자격증/유학/이민,교육/학습,,,미드로 영어공부,https://cafe.naver.com/englishtrip,305010,,,O
cf-0067,교육/자격증/유학/이민,교육/학습,,,스피드리딩,https://cafe.naver.com/readingtc,136443,,,O
cf-0068,교육/자격증/유학/이민,교육/학습,,,열심히 영어공부 스터디모임,https://cafe.naver.com/studywithgillian,17951,,,O
cf-0069,교육/자격증/유학/이민,교육/학습,,,토익캠프,https://cafe.naver.com/toeicamp,962925,,,O
cf-0070,교육/자격증/유학/이민,교육/학습,,,중정공,https://cafe.naver.com/zhcafe,313922,,,O
cf-0071,교육/자격증/유학/이민,교육/학습,,,스펙업,https://cafe.naver.com/specup,2117036,,,O
cf-0072,교육/자격증/유학/이민,교육/학습,,,수만휘,https://cafe.naver.com/suhui,2117036,,,O
cf-0073,교육/자격증/유학/이민,교육/학습,,,포만한 수학 연구소,https://cafe.naver.com/pnmath,247328,,,O
cf-0074,교육/자격증/유학/이민,교육/학습,,,로물콘,https://cafe.naver.com/romul,59904,,,O
cf-0075,교육/자격증/유학/이민,교육/학습,,,수꿈사,https://cafe.naver.com/kickstudy,343205,,,O
cf-0076,교육/자격증/유학/이민,교육/학습,,,기출비,https://cafe.naver.com/michiexam,1799401,,,O
cf-0077,교육/자격증/유학/이민,교육/학습,,,독편사,https://cafe.naver.com/kcidorcen,558896,,,O
cf-0078,교육/자격증/유학/이민,교육/학습,,,편준사,https://cafe.naver.com/yesut,187380,,,O
cf-0079,교육/자격증/유학/이민,교육/학습,,,수없세,https://cafe.naver.com/nosuneung,11759,,,O
cf-0080,교육/자격증/유학/이민,교육/학습,,,검정교실,https://cafe.naver.com/ansohee1,33459,,,O
cf-0081,교육/자격증/유학/이민,교육/학습,,,검정고수,https://cafe.naver.com/facebookgame,20583,,,O
cf-0082,맘/학습맘,교육/학습맘,경기도,"화성,동탄",동공아,https://cafe.naver.com/dongtanedu1,27217,,,O
cf-0083,맘/학습맘,교육/학습맘,경기도,"성남,분당",분당맹모(중고딩),https://cafe.naver.com/endudfun,57565,,,O
cf-0084,맘/학습맘,교육/학습맘,전국,,책으로 키우는 우리 아이,https://cafe.naver.com/plusiplay,64879,,,O
cf-0085,맘/학습맘,교육/학습맘,서울,"양천,목동",목동 공부잘하는 아이,https://cafe.naver.com/studymokdong,89347,,,O
cf-0086,맘/학습맘,교육/학습맘,전국,,지혜쌤,https://cafe.naver.com/yuasam,192587,,O,O
cf-0087,맘/학습맘,맘카페,경기도,"하남,미사,감일",감일맘&미사맘 모여라,https://cafe.naver.com/jellozon,91580,,,O
cf-0088,맘/학습맘,교육/학습맘,전국,,상위1%카페,https://cafe.naver.com/mathall,765657,,,O
cf-0089,맘/학습맘,교육/학습맘,전국,서울,초등맘카페,https://cafe.naver.com/mom79,152742,,,O
cf-0090,맘/학습맘,교육/학습맘,제주,,국대모,https://cafe.naver.com/tatoobbc,103344,,,O
cf-0091,군인/복지/행정/반려동물,군대,,,곰신카페,https://cafe.naver.com/komusincafe,596220,,,O
cf-0092,군인/복지/행정/반려동물,군대,,,군아사랑,https://cafe.naver.com/myarmyson,2945,,,O
cf-0093,군인/복지/행정/반려동물,군대,,,군화모,https://cafe.naver.com/army58cafe,112970,,,O
cf-0094,건강/운동/스포츠,다이어트,,,씨씨앙,https://cafe.naver.com/cantsb,507771,,,O
cf-0095,건강/운동/스포츠,다이어트,,,빼다챌,https://cafe.naver.com/ciriusdiet,9633,,,O
cf-0096,건강/운동/스포츠,다이어트,,,저탄고지,https://cafe.naver.com/ketogenic,277958,,,O
cf-0097,건강/운동/스포츠,다이어트,,,스미어터,https://cafe.naver.com/smieter,69092,,,O
cf-0098,건강/운동/스포츠,다이어트,,,1일1식&간헐적단식&공복운동,https://cafe.naver.com/onemealoneday,77054,,,O
cf-0099,맘/학습맘,맘카페,경기도,광주,광주맘들의행복만들기,http://cafe.naver.com/06rkddkwl,119682,,,O
cf-0100,맘/학습맘,맘카페,전국,,맘스톡톡,http://cafe.naver.com/aajumma,123839,,,O
cf-0101,맘/학습맘,맘카페,서울,"강북,노원,도봉,성북",응답하라아지매,http://cafe.naver.com/agameworld,64775,,,O
cf-0102,맘/학습맘,맘카페,서울,"강북,노원,도봉",강노봉,http://cafe.naver.com/aldisgo123d,151187,O,,O
cf-0103,맘/학습맘,맘카페,전국,,엄마는마법사,http://cafe.naver.com/birthdatparty09,80186,,,O
cf-0104,맘/학습맘,맘카페,부산,부산,아이와놀자,http://cafe.naver.com/busanzumma,38573,,,O
cf-0105,맘/학습맘,맘카페,강원도,춘천,춘천맘 모여라,http://cafe.naver.com/chbabymom,37721,,,O
cf-0106,맘/학습맘,맘카페,충남,당진,당진엄마들의모임,http://cafe.naver.com/dangjinmom,33769,,,O
cf-0107,맘/학습맘,맘카페,부산,"경남,부산",부경맘,https://cafe.naver.com/pusanmom,364577,,,O
cf-0108,맘/학습맘,맘카페,서울,송파,송파맘모여라,http://cafe.naver.com/godonghang,31477,,,O
cf-0109,맘/학습맘,맘카페,경북,구미,구미맘맘맘,http://cafe.naver.com/gumibabyparty,24753,,,O
cf-0110,맘/학습맘,맘카페,광주,광주,광주맘수다방,https://cafe.naver.com/hongsam09,111363,,,O
cf-0111,맘/학습맘,맘카페,전국,,아이원맘,http://cafe.naver.com/ionemom,114294,,,O
cf-0112,맘/학습맘,맘카페,서울,"송파,강동",송파강동맘톡,http://cafe.naver.com/koreakmc,67733,O,,O
cf-0113,맘/학습맘,맘카페,경북,경산,경산맘들모여라,http://cafe.naver.com/ksmoms,76866,,,O
cf-0114,맘/학습맘,맘카페,경북,김천,수다쟁이김천맘,http://cafe.naver.com/momkimchon,22896,,,O
cf-0115,맘/학습맘,맘카페,경기도,성남,성남사랑,http://cafe.naver.com/newssungnam,36690,O,,O
cf-0116,맘/학습맘,맘카페,강원도,속초,속초쉬즈홀릭,https://cafe.naver.com/mams2011,20657,,,O
cf-0117,맘/학습맘,맘카페,강원도,삼척,삼척맘스 카페,http://cafe.naver.com/samcheokmom,10141,,,O
cf-0118,맘/학습맘,맘카페,서울,"관악,동작",관악동작맘모여라,http://cafe.naver.com/weddingworld1,19199,,,O
cf-0119,맘/학습맘,맘카페,서울,"강서,마곡",강서마곡맘모여라,http://cafe.naver.com/ysmom,18088,,,O
cf-0120,맘/학습맘,맘카페,전국,,아이러브맘,https://cafe.naver.com/15668981/4296385,433617,,,O
cf-0121,맘/학습맘,맘카페,전국,,지후맘,https://cafe.naver.com/1msanbu,463712,O,,O
cf-0122,맘/학습맘,맘카페,대구,대구,대구맘365,http://cafe.naver.com/dgmom365,329503,O,,O
cf-0123,맘/학습맘,맘카페,서울,"은평,서대문,마포,가재울",은평가재울맘홀릭,https://cafe.naver.com/4and1cafe,12402,O,O,O
cf-0124,맘/학습맘,맘카페,세종,세종,육생방,https://cafe.naver.com/6lifezone,4126,O,,O
cf-0125,맘/학습맘,맘카페,경기도,용인,까꿍맘,https://cafe.naver.com/agi0909,82318,O,,O
cf-0126,맘/학습맘,맘카페,경남,창원,올댓창원,https://cafe.naver.com/ailovely,54413,,,O
cf-0127,맘/학습맘,맘카페,경기도,"안양,군포,의왕,과천",안양군포의왕맘스홀릭,https://cafe.naver.com/allgirl,75149,,,O
cf-0128,맘/학습맘,맘카페,대구,"북구,대구",대구북구맘놀이터,https://cafe.naver.com/allinmom,17619,,,O
cf-0129,맘/학습맘,맘카페,경북,안동,안동맘수다방,https://cafe.naver.com/andongmom,53591,O,,O
cf-0130,맘/학습맘,맘카페,경기도,"평택,안포",평택안포맘,https://cafe.naver.com/anjungmom,29452,O,,O
cf-0131,맘/학습맘,맘카페,서울,노원,노원맘 대표카페,https://cafe.naver.com/applelog/813329,54930,,,O
cf-0132,맘/학습맘,맘카페,전국,,맘스홀릭사과나무,https://cafe.naver.com/appletreecafe,409830,O,,O
cf-0133,맘/학습맘,맘카페,경기도,"안산,시흥",안산시흥맘스톡,https://cafe.naver.com/asshmt,37032,O,,O
cf-0134,맘/학습맘,맘카페,전북,군산,군산시닷컴,https://cafe.naver.com/astonishiacafe,35788,,,O
cf-0135,맘/학습맘,맘카페,경기도,"남양주,별내,구리,중랑",남구중,https://cafe.naver.com/baby090,139091,O,,O
cf-0136,맘/학습맘,맘카페,인천,인천,인천맘톡,https://cafe.naver.com/baby8,248091,,,O
cf-0137,맘/학습맘,맘카페,경기도,양주,양주시베이비러브,https://cafe.naver.com/babylovecafe,45051,,,O
cf-0139,맘/학습맘,맘카페,서울,"송파,위례",위례맘홀릭,https://cafe.naver.com/bbbx,90181,O,,O
cf-0140,맘/학습맘,맘카페,서울,"서초,강남",퀸즈빌리지,https://cafe.naver.com/beaticat,28306,O,,O
cf-0141,맘/학습맘,맘카페,경기도,"구리,갈매",갈매맘,https://cafe.naver.com/beautynpharm/,22602,O,,O
cf-0142,맘/학습맘,맘카페,경기도,양주,의/양/동,https://cafe.naver.com/beautyshock,1812,,,O
cf-0143,맘/학습맘,맘카페,경기도,"고양,일산,풍동",일산풍동카페,https://cafe.naver.com/better4baby,7171,,,O
cf-0144,맘/학습맘,맘카페,강원도,원주,원주파랑맘,https://cafe.naver.com/bluegray28rsc,68871,O,,O
cf-0145,맘/학습맘,맘카페,경남,"창원,의창,북면",창원북면맘,https://cafe.naver.com/bmomtalk/158027,12795,,,O
cf-0146,맘/학습맘,맘카페,경기도,"화성,봉담",봉담맘,https://cafe.naver.com/bongmammamia,29584,,,O
cf-0147,맘/학습맘,맘카페,경기도,"평택,고덕",평사모,https://cafe.naver.com/booyoungislove,69041,,,O
cf-0148,맘/학습맘,맘카페,충남,"천안,아산",천안아산맘스토리,https://cafe.naver.com/brownhvv0l,24800,O,,O
cf-0149,맘/학습맘,맘카페,부산,부산,부산맘카페,https://cafe.naver.com/busanmam,161600,O,O,O
cf-0150,맘/학습맘,맘카페,부산,"강서,명지,부산",명지에코맘,https://cafe.naver.com/busanmiz,52446,,,O
cf-0151,맘/학습맘,맘카페,부산,"정관,기장,일광,세송,해운대,부산",정관맘스,https://cafe.naver.com/busannewcity,64813,,,O
cf-0152,맘/학습맘,맘카페,부산,"영도,부산",부산 영도구맘 영심이,https://cafe.naver.com/busanydmom,10785,,,O
cf-0153,맘/학습맘,맘카페,경기도,수원,수원맘모여라,https://cafe.naver.com/byungs94,353640,,,O
cf-0154,맘/학습맘,맘카페,서울,강남,강남맘모여라,https://cafe.naver.com/cafebeautyup,26992,,,O
cf-0155,맘/학습맘,맘카페,서울,서초,서초맘모여라,https://cafe.naver.com/cafeseochomoms,29094,,,O
cf-0156,맘/학습맘,맘카페,충남,천안,천아베베,https://cafe.naver.com/camsbaby,92716,,,O
cf-0157,맘/학습맘,맘카페,울산,"울산,중구",울산중구맘,https://cafe.naver.com/centumom,7376,O,,O
cf-0158,맘/학습맘,맘카페,경기도,"의정부,양주",의양동포,https://cafe.naver.com/chaesolbabychu,17874,,,O
cf-0159,맘/학습맘,맘카페,경기도,시흥,배라맘,https://cafe.naver.com/chch6534/,45446,O,,O
cf-0160,맘/학습맘,맘카페,충남,"천안,아산",천아맘,https://cafe.naver.com/cheonamom,79891,O,,O
cf-0161,맘/학습맘,맘카페,충남,"천안,동남",청스맘,https://cafe.naver.com/cheongsmom/23614?boardType=L,16768,,,O
cf-0162,맘/학습맘,맘카페,경남,양산,러브양산맘,https://cafe.naver.com/chobomamy,168428,,,O
cf-0163,맘/학습맘,맘카페,대전,대전,대전세종맘스베이비,https://cafe.naver.com/msbabys,270575,,,O
cf-0164,맘/학습맘,맘카페,서울,"강남,대치,개포,도곡",프리미엄강남맘,https://cafe.naver.com/coodos9,63662,,,O
cf-0165,맘/학습맘,맘카페,대구,"경북,대구",대구맘(since 2003),https://cafe.naver.com/daegumam2003,37295,O,,O
cf-0166,맘/학습맘,맘카페,대구,"달서,대구",달서맘,https://cafe.naver.com/dalseomom,18264,,,O
cf-0167,맘/학습맘,맘카페,경기도,"남양주,다산",다산신도시맘,https://cafe.naver.com/dasandongmom,3762,O,,O
cf-0168,맘/학습맘,맘카페,경기도,"남양주,다산",행다모,https://cafe.naver.com/dasanmarket,14966,,,O
cf-0169,맘/학습맘,맘카페,서울,"영등포,문래,양평,당산",미드타운카페,https://cafe.naver.com/dasmora,22567,,,O
cf-0170,맘/학습맘,맘카페,대구,"수성,대구",수성구맘,https://cafe.naver.com/dgsusungmom79,5983,,,O
cf-0171,맘/학습맘,맘카페,대전,"도안,대전",대전도안맘,https://cafe.naver.com/doanmom1004,43907,,,O
cf-0172,맘/학습맘,맘카페,인천,"인천,서구,청라,루원",청라맘&루원시티,https://cafe.naver.com/solsol,123882,,,O
cf-0173,맘/학습맘,맘카페,서울,동대문,동대문구맘,https://cafe.naver.com/dongdaemoonstory,52558,O,,O
cf-0174,맘/학습맘,맘카페,경기도,"화성,동탄",동탄맘들모여라,https://cafe.naver.com/dongtanmom,309011,,O,O
cf-0175,맘/학습맘,맘카페,경기도,"화성,동탄",동투맘,https://cafe.naver.com/dongtantwomom/,137238,,,O
cf-0176,맘/학습맘,맘카페,경기도,"안산,시흥",안산시흥맘모여라,https://cafe.naver.com/doorkong/2941937,128447,,,O
cf-0177,맘/학습맘,맘카페,경기도,"남양주,다산",다산아지매모여라,https://cafe.naver.com/dsajime,2444,O,,O
cf-0178,맘/학습맘,맘카페,경기도,고양,고아미,https://cafe.naver.com/eboya07,16723,,,O
cf-0179,맘/학습맘,맘카페,전남,목포,목포맘스퀸,https://cafe.naver.com/elkas,17834,,,O
cf-0180,맘/학습맘,맘카페,충북,제천,어미모,https://cafe.naver.com/eomimo?iframe_url=/MyCafeIntro.nhn%3Fclubid=17357447,26093,,,O
cf-0181,맘/학습맘,맘카페,서울,"종로,서대문,중구",종로맘스힐링,https://cafe.naver.com/fksgml,20905,,,O
cf-0182,맘/학습맘,맘카페,경기도,"성남,분당,판교,수지,용인,광주",꽃보다분당,https://cafe.naver.com/flowerbundang,34765,,,O
cf-0183,맘/학습맘,맘카페,충북,진천,충북혁신맘,https://cafe.naver.com/fmms02,38204,,,O
cf-0184,맘/학습맘,맘카페,대구,"달서,죽본,대구",죽본맘,https://cafe.naver.com/fncad,46197,,,O
cf-0185,맘/학습맘,맘카페,대구,대구,뷰티인대구,https://cafe.naver.com/full56/315031?boardType=L,19359,,,O
cf-0186,맘/학습맘,교육/학습맘,서울,"강남,목동",강남엄마목동엄마,https://cafe.naver.com/gangmok,418773,,,O
cf-0187,맘/학습맘,맘카페,전남,화순,아름다운화순맘들의수다방,https://cafe.naver.com/ghktnsaka,6806,O,O,O
cf-0188,맘/학습맘,맘카페,경남,김해,김해줌마렐라,https://cafe.naver.com/gimhaezumma,148000,O,,O
cf-0189,맘/학습맘,맘카페,경기도,김포,김포사랑한강신도시,https://cafe.naver.com/gimpolv/628,3424,,,O
cf-0190,맘/학습맘,맘카페,경기도,김포,우아세,https://cafe.naver.com/gimpowoman,5077,O,,O
cf-0191,맘/학습맘,맘카페,전국,,우아한 중년 언니들,https://cafe.naver.com/goldenwomen,330,,,O
cf-0192,맘/학습맘,맘카페,경기도,"안성,공도",안성공도,https://cafe.naver.com/gongdomom,24301,,,O
cf-0193,맘/학습맘,맘카페,경기도,"고양,덕양",덕양구맘,https://cafe.naver.com/gongganforum,25880,,,O
cf-0194,맘/학습맘,맘카페,충남,공주,공주맘들의 사랑방,https://cafe.naver.com/gongju2008,24180,,,O
cf-0195,맘/학습맘,맘카페,충남,천안,천안아산줌마렐라,http://cafe.naver.com/no1cheonan,195724,,O,O
cf-0196,맘/학습맘,맘카페,경기도,"남양주,진접",클린 진접맘,https://cafe.naver.com/gray1ger0,41694,O,,O
cf-0197,맘/학습맘,맘카페,서울,강서,강서맘,https://cafe.naver.com/gsajimae,3522,,,O
cf-0198,맘/학습맘,맘카페,경기도,남양주,다산맘스,https://cafe.naver.com/gta3a,63649,,,O
cf-0199,맘/학습맘,맘카페,대전,"관저,대전",관저맘의 힐링스토리,https://cafe.naver.com/gwanjeohealing/,16355,,,O
cf-0200,맘/학습맘,맘카페,인천,"인천,연수,송도",송도맘연수구맘,https://cafe.naver.com/mstorycompany5,95806,,,O
cf-0201,맘/학습맘,맘카페,서울,강동,강동맘,https://cafe.naver.com/habin1004,12163,,,O
cf-0202,맘/학습맘,맘카페,경기도,시흥,배곧한라이지맘스,https://cafe.naver.com/hallamoms,13750,,,O
cf-0203,맘/학습맘,맘카페,경남,함안,함모아,https://cafe.naver.com/hammoa,7957,,,O
cf-0204,맘/학습맘,맘카페,경기도,"하남,강동",하남강동맘,https://cafe.naver.com/hanambaby,800,,,O
cf-0205,맘/학습맘,맘카페,경기도,"하남,미사,위례",하남맘&미사맘&위례맘,https://cafe.naver.com/hanammom2013,684,,,O
cf-0206,맘/학습맘,맘카페,서울,"구로,항동",구로항동대표카페 항동인시티,https://cafe.naver.com/hangdongcity/,18865,,,O
cf-0207,맘/학습맘,맘카페,경기도,"화성,향남",향남맘카페,https://cafe.naver.com/hnmommy,25917,,,O
cf-0208,맘/학습맘,맘카페,경기도,"수원,호매실",호사모,https://cafe.naver.com/homaesilville,73633,,,O
cf-0209,맘/학습맘,맘카페,대구,대구,대구맘수다방,https://cafe.naver.com/hong0909,81406,,,O
cf-0210,맘/학습맘,맘카페,서울,"강남,서초,송파",강서송,https://cafe.naver.com/hricane1,102168,O,,O
cf-0211,맘/학습맘,맘카페,서울,"용산,이촌",동부이촌동커뮤니티,https://cafe.naver.com/ichon1dong,38966,,,O
cf-0212,맘/학습맘,맘카페,인천,"인천,서구,검단,검암",너나들이 검암맘,https://cafe.naver.com/moms1004/1372841,89631,,,O
cf-0213,맘/학습맘,맘카페,경기도,광명,나눔카페[구]광명맘대디,https://cafe.naver.com/ilovegm1,172578,,,O
cf-0214,맘/학습맘,맘카페,서울,"강동,고덕",강동고덕지구,https://cafe.naver.com/ilovegodeok,30424,,,O
cf-0215,맘/학습맘,맘카페,부산,"부산진,부산",아이러브부산진구맘,https://cafe.naver.com/ilovejgmom,11816,O,,O
cf-0216,맘/학습맘,맘카페,부산,"사상,부산",사상구맘,https://cafe.naver.com/ilovesasangmom,24510,O,,O
cf-0217,맘/학습맘,맘카페,전국,,맘스홀릭베이비,https://cafe.naver.com/imsanbu,3310935,O,,O
cf-0218,맘/학습맘,맘카페,서울,"구로,동작,관악",구로동작관악,https://cafe.naver.com/imu310,78195,O,,O
cf-0219,맘/학습맘,맘카페,울산,울산,울산맘스홀릭,https://cafe.naver.com/jaekyung0219,38075,,,O
cf-0220,맘/학습맘,맘카페,제주,제주,제주맘,https://cafe.naver.com/jejumam,193537,,,O
cf-0221,맘/학습맘,맘카페,전남,,전남맘스파파,https://cafe.naver.com/jeopick/701,4960,,,O
cf-0222,맘/학습맘,맘카페,경남,"창원,진해",진해댁,https://cafe.naver.com/jinhaemam,96509,,,O
cf-0223,맘/학습맘,맘카페,경남,"창원,진해",함진댁,https://cafe.naver.com/jinhaeman777,44444,O,,O
cf-0224,맘/학습맘,맘카페,전국,,진희맘홀릭,https://cafe.naver.com/jinheemom,249833,O,O,O
cf-0225,맘/학습맘,맘카페,경남,진주,진주아지매,https://cafe.naver.com/jinjululu,115564,O,,O
cf-0226,맘/학습맘,맘카페,세종,세종,세종세이,https://cafe.naver.com/jochiwonmom,26091,O,,O
cf-0227,맘/학습맘,맘카페,대구,대구,대구맘카페,https://cafe.naver.com/joonggomaket,82534,,,O
cf-0228,맘/학습맘,맘카페,전북,정읍,정읍맘들의 행복한 공간,https://cafe.naver.com/junghanggong,10161,O,,O
cf-0229,맘/학습맘,맘카페,경기도,"하남,미사",하남미사지구 맘스 커뮤니티,https://cafe.naver.com/juniorschoolhanam,342,,,O
cf-0230,맘/학습맘,맘카페,경기도,"용인,광교",용광맘,https://cafe.naver.com/junkart,323682,,,O
cf-0231,맘/학습맘,맘카페,경기도,"고양,일산,은평,파주",은일파,https://cafe.naver.com/kakaogamehappy?iframe_url=/MyCafeIntro.nhn%3Fclubid=26932023,115829,O,,O
cf-0232,맘/학습맘,맘카페,경북,김천,김천카페,https://cafe.naver.com/kergopia,14363,,,O
cf-0233,맘/학습맘,맘카페,경기도,"하남,미사",모담모담,https://cafe.naver.com/kfromancer,17356,,,O
cf-0234,맘/학습맘,맘카페,경북,영천,영천맘,https://cafe.naver.com/kggid,10806,,,O
cf-0235,맘/학습맘,맘카페,경기도,"하남,미사,감일,위례,강동,강일,교산",아이품애,https://cafe.naver.com/kidsinlove,55210,,,O
cf-0236,맘/학습맘,맘카페,강원도,인제,인제군엄마,https://cafe.naver.com/kirinapt?iframe_url_utf8=%2FArticleRead.nhn%253Farticleid%3D167420%2526clubid%3D27170422,17148,,,O
cf-0237,맘/학습맘,맘카페,부산,"동래,금정,부산",금동맘,https://cafe.naver.com/kjdrmom,39728,,,O
cf-0238,맘/학습맘,맘카페,광주,광주,광주캐슬맘,https://cafe.naver.com/kjskycastle,15534,O,,O
cf-0239,맘/학습맘,맘카페,대전,"서구,둔산,대전",대전둔산맘,https://cafe.naver.com/ksn82599,30383,O,,O
cf-0240,맘/학습맘,맘카페,전북,군산,군산맘,https://cafe.naver.com/kunsanbeauty,38094,O,,O
cf-0241,맘/학습맘,맘카페,인천,"인천,연수,송도",송도국제도시맘,https://cafe.naver.com/momsofsongdoifez,80882,,,O
cf-0242,맘/학습맘,맘카페,경남,창원,창원맘스베베,https://cafe.naver.com/littlepiggystudio,63486,O,,O
cf-0243,맘/학습맘,맘카페,서울,강동,강동구엄마들모임,https://cafe.naver.com/lol2580,36058,,O,O
cf-0244,맘/학습맘,맘카페,경남,통영,통영마미,https://cafe.naver.com/machangjinlove/,22307,,,O
cf-0245,맘/학습맘,맘카페,경기도,"평택,안성,고덕",맘스비,https://cafe.naver.com/magic26,78552,,,O
cf-0246,맘/학습맘,맘카페,경남,"사천,삼천포,진주",미수다,https://cafe.naver.com/mammami,82772,,,O
cf-0247,맘/학습맘,맘카페,울산,울산,울산맘스모여라,https://cafe.naver.com/mammie,153395,,,O
cf-0248,맘/학습맘,맘카페,서울,"주랑,동대문,성동,광진",맘들이 힐링하는 공간,https://cafe.naver.com/mamworld,34371,,,O
cf-0249,맘/학습맘,맘카페,대구,대구,육아친구대구경북,https://cafe.naver.com/manmanmandaegu,36232,,,O
cf-0250,맘/학습맘,맘카페,경기도,"화성,동탄",동탄스토리,https://cafe.naver.com/minskin7679,44135,,,O
cf-0251,맘/학습맘,맘카페,경남,밀양,밀아클,https://cafe.naver.com/miryangmams,15702,,,O
cf-0252,맘/학습맘,맘카페,전국,,미즈넷,https://cafe.naver.com/miznett,303767,O,,O
cf-0253,맘/학습맘,맘카페,강원도,동해,동해맘의중고나라,https://cafe.naver.com/momdh,23001,O,,O
cf-0254,맘/학습맘,맘카페,경기도,"남양주,구리",구리남양주맘,https://cafe.naver.com/momingrnyj,137396,O,O,O
cf-0255,맘/학습맘,맘카페,경기도,김포,한아름,https://cafe.naver.com/momroom2013,80784,O,,O
cf-0256,맘/학습맘,맘카페,인천,"인천,서구,검단",검단맘블리,https://cafe.naver.com/gdnewcity1144,85216,O,O,O
cf-0257,맘/학습맘,맘카페,광주,광주,광주맘스팡,https://cafe.naver.com/momspanggju,130249,O,,O
cf-0258,맘/학습맘,맘카페,경기도,이천,이천맘스토리,https://cafe.naver.com/momsuda,10881,O,,O
cf-0259,맘/학습맘,맘카페,서울,"강서,양천,구로,금천",서울서부,https://cafe.naver.com/mothercamping,4657,,,O
cf-0260,맘/학습맘,맘카페,인천,"인천,서구,청라",청라맘스,https://cafe.naver.com/chengnamomlife,76031,,,O
cf-0261,맘/학습맘,맘카페,경기도,"파주,문산",문산맘,https://cafe.naver.com/munsanstory,22129,,,O
cf-0262,맘/학습맘,맘카페,서울,"서초,내곡",내곡동 맘카페,https://cafe.naver.com/naegokmom,13643,,,O
cf-0263,맘/학습맘,맘카페,경기도,"화성,남양",남양아지매,https://cafe.naver.com/namyangmama,27445,O,,O
cf-0264,맘/학습맘,맘카페,충남,내포,내포천사,https://cafe.naver.com/nepoengel,35582,,,O
cf-0265,맘/학습맘,맘카페,광주,광주,네버랜드,https://cafe.naver.com/neverland1004,4966,,,O
cf-0266,맘/학습맘,맘카페,전국,,키즈배틀,https://cafe.naver.com/newkidsbattle,103438,O,,O
cf-0267,맘/학습맘,맘카페,서울,"성동,광진,중랑",성광중모여라,https://cafe.naver.com/newmusicbox,89788,O,,O
cf-0268,맘/학습맘,맘카페,서울,"관악,금천,동작",관금동맘블리,https://cafe.naver.com/news2080,37678,,,O
cf-0269,맘/학습맘,맘카페,전국,,뉴욕걸즈,https://cafe.naver.com/newyorkgirlz,155080,O,,O
cf-0270,맘/학습맘,맘카페,울산,울산,맘앤파파보물섬,https://cafe.naver.com/nhdmiddleschool,51168,,,O
cf-0271,맘/학습맘,맘카페,세종,세종,세종맘,https://cafe.naver.com/no1sejong,220267,,,O
cf-0272,맘/학습맘,맘카페,충남,논산,논산맘정보통,https://cafe.naver.com/nonsanbaby,34393,,,O
cf-0273,맘/학습맘,맘카페,전남,"나주,빛가람",나주맘스팡,https://cafe.naver.com/nursestudents,29027,,,O
cf-0274,맘/학습맘,맘카페,충북,"청주,청원,오창",오창맘,https://cafe.naver.com/ochangmom,33732,,O,O
cf-0275,맘/학습맘,맘카페,경기도,오산,오행공,https://cafe.naver.com/ohanggong,43214,,,O
cf-0276,맘/학습맘,맘카페,서울,동작,동작맘파인트리,https://cafe.naver.com/ohmyfam,43823,,,O
cf-0277,맘/학습맘,맘카페,충남,"천안,아산,불당",천안아산불당맘모여라,https://cafe.naver.com/orangevrdhj,54309,O,,O
cf-0278,맘/학습맘,맘카페,경기도,오산,오산맘들의스토리,https://cafe.naver.com/osane,39156,,,O
cf-0279,맘/학습맘,맘카페,경북,포항,포항맘놀이터,https://cafe.naver.com/phmomstory,126036,O,,O
cf-0280,맘/학습맘,맘카페,경기도,의정부,의맘모,https://cafe.naver.com/pianisthb,102433,,,O
cf-0281,맘/학습맘,맘카페,경기도,수원,북사사,https://cafe.naver.com/puksuwon,22359,,,O
cf-0282,맘/학습맘,맘카페,경기도,"용인,수지",용인수지맘,https://cafe.naver.com/sujilovemom,72082,,,O
cf-0283,맘/학습맘,맘카페,부산,부산,아이러브부산맘,https://cafe.naver.com/pusanmommy,178234,O,,O
cf-0284,맘/학습맘,맘카페,강원도,속초,속초대표맘카페,https://cafe.naver.com/qkekgksmfkim,23669,,,O
cf-0285,맘/학습맘,맘카페,경기도,부천,부천소사구맘카페,https://cafe.naver.com/redog2oi,42883,,,O
cf-0286,맘/학습맘,맘카페,전국,,레몬테라스,https://cafe.naver.com/remonterrace,2971815,,,O
cf-0287,맘/학습맘,맘카페,경기도,광주,경기광주사람들,https://cafe.naver.com/veronica001,42588,O,,O
cf-0288,부동산/코인/재테크,부동산,경기도,하남,하남플러스,https://cafe.naver.com/rikikmsonline,32122,,,O
cf-0289,맘/학습맘,맘카페,전북,익산,익산스토리,https://cafe.naver.com/rjyloveapt,61732,,,O
cf-0290,맘/학습맘,맘카페,경기도,"안양,군포",안군의,https://cafe.naver.com/rumorxfile,273703,,,O
cf-0291,맘/학습맘,맘카페,부산,"사하,부산",사하맘,https://cafe.naver.com/sahamomsholic,34409,,,O
cf-0292,맘/학습맘,맘카페,인천,인천,맘맘맘인천,https://cafe.naver.com/mammammam,61554,,,O
cf-0293,맘/학습맘,맘카페,충남,서산,서산맘스토리,https://cafe.naver.com/seosanmam,24175,,,O
cf-0294,맘/학습맘,맘카페,충남,서산,서산엄마들의모임,https://cafe.naver.com/seosanmom,89553,,,O
cf-0295,맘/학습맘,맘카페,서울,서대문,서대문구 대표카페,https://cafe.naver.com/seoyeondot2,18375,,,O
cf-0296,맘/학습맘,맘카페,경기도,"성남,분당,판교,위례",분당판교위례맘,https://cafe.naver.com/sghi900user,147609,O,,O
cf-0297,맘/학습맘,맘카페,대구,"달성,대구",달성맘카페,https://cafe.naver.com/shsrhd,21538,,,O
cf-0298,맘/학습맘,맘카페,광주,광주,광주맘홀릭,https://cafe.naver.com/alswltkfkd77,38123,,,O
cf-0299,맘/학습맘,맘카페,서울,"성동,중구",성동구중구맘,https://cafe.naver.com/sjmoms,70375,O,,O
cf-0300,맘/학습맘,맘카페,세종,세종,세종맘놀이터,https://cafe.naver.com/sjmsbaby,37400,O,,O
cf-0301,맘/학습맘,맘카페,대구,"텍폴,경북,대구",대구맘텍사모,https://cafe.naver.com/skyblueyxl5o,46652,,,O
cf-0302,맘/학습맘,맘카페,경남,"김해,장유,율하",소녀감성,https://cafe.naver.com/sogam0515,75287,,,O
cf-0303,맘/학습맘,맘카페,대전,"유성,송강,봉산,대전",대전송강맘스홀릭,https://cafe.naver.com/songgangmom,15584,,,O
cf-0304,맘/학습맘,맘카페,서울,"영등포,구로",영등포구로맘모여라,https://cafe.naver.com/specbible,12484,,,O
cf-0305,맘/학습맘,맘카페,대전,"유성,관평,대덕,대전",대덕테크노밸리,https://cafe.naver.com/sssussu,20236,,,O
cf-0306,맘/학습맘,맘카페,경기도,"남양주,별내",별내맘,https://cafe.naver.com/star4sarang,60931,,,O
cf-0307,맘/학습맘,맘카페,서울,,서울맘스러브,https://cafe.naver.com/starkart,150199,O,,O
cf-0308,맘/학습맘,맘카페,서울,광진,광진맘카페,https://cafe.naver.com/suakuwon,16883,O,,O
cf-0309,맘/학습맘,맘카페,대구,"달성,서재,세천,다사,대구","no.1 대구 서재맘,세천맘,다사맘모임",https://cafe.naver.com/daegudasa00,16755,O,,O
cf-0310,맘/학습맘,맘카페,경남,통영,살통영,https://cafe.naver.com/tgpia,128398,,,O
cf-0311,맘/학습맘,맘카페,경남,김해,김해맘순수카페,https://cafe.naver.com/thesunsu,37349,,,O
cf-0312,맘/학습맘,맘카페,강원도,,강원도맘대표커뮤니티,https://cafe.naver.com/thesuri,24021,,,O
cf-0313,맘/학습맘,맘카페,경기도,시흥,시맘수,https://cafe.naver.com/tlgmdaka0,74128,,,O
cf-0314,맘/학습맘,맘카페,대구,"달성,텍폴,대구",텍폴맘,https://cafe.naver.com/tpmom,61339,,,O
cf-0315,맘/학습맘,맘카페,울산,"울산,북구",울산북구맘,https://cafe.naver.com/trustmarket1,19942,,,O
cf-0316,맘/학습맘,맘카페,경기도,의정부,의정부맘마미아,https://cafe.naver.com/ujb2014,18976,,,O
cf-0317,맘/학습맘,맘카페,경기도,남양주,다산맘스스쿨,https://cafe.naver.com/ujdd2,12689,,,O
cf-0318,맘/학습맘,맘카페,울산,"울산,남구",울산남구맘,https://cafe.naver.com/uldongnemom,5943,O,,O
cf-0319,맘/학습맘,맘카페,경남,"부산,울산,경남",부경맘스홀릭 / 부산경남맘스홀릭,https://cafe.naver.com/ungsangjang,77625,O,,O
cf-0320,맘/학습맘,맘카페,경남,"양산,웅상",웅상이야기,https://cafe.naver.com/ungsangstory,87694,,,O
cf-0321,맘/학습맘,맘카페,경기도,"파주,운정",파주운정맘,https://cafe.naver.com/usem,173860,,,O
cf-0322,맘/학습맘,맘카페,대구,대구,대구맘대표카페,https://cafe.naver.com/velobike,79337,O,,O
cf-0323,맘/학습맘,맘카페,경기도,"화성,조암",조암맘,https://cafe.naver.com/whdkashfdlxj,6378,,,O
cf-0324,맘/학습맘,맘카페,광주,광주,맘스궁전,https://cafe.naver.com/withbang,7141,,,O
cf-0325,맘/학습맘,맘카페,강원도,원주,토닥토닥원주맘,https://cafe.naver.com/wjbabymoms,54604,,,O
cf-0326,맘/학습맘,맘카페,전북,전주,전북맘스홀릭,https://cafe.naver.com/wjsqnraka,29384,,,O
cf-0327,맘/학습맘,맘카페,전북,전주,전주전북알뜰맘,https://cafe.naver.com/wjswnaka,81690,,,O
cf-0328,맘/학습맘,맘카페,경기도,과천,과천맘블리,https://cafe.naver.com/womannara,12452,O,,O
cf-0329,맘/학습맘,맘카페,서울,"구로,신도림",신도림커뮤니티,https://cafe.naver.com/wooseongapt,51303,,O,O
cf-0330,맘/학습맘,맘카페,경기도,양평,양평맘스토리,https://cafe.naver.com/yangmom,63092,,,O
cf-0331,맘/학습맘,맘카페,경북,"영주,봉화,예천",영주맘 카페,https://cafe.naver.com/yeongjumom,29749,,,O
cf-0332,맘/학습맘,맘카페,전남,여수,여수맘들 모여라,https://cafe.naver.com/yeosumam/1232794,39749,O,,O
cf-0333,맘/학습맘,맘카페,경기도,"고양,덕양",덕양맘스클럽,https://cafe.naver.com/agamother,51855,,,O
cf-0334,맘/학습맘,맘카페,경기도,"수원,영통",영통주민모임터,https://cafe.naver.com/youngtongremodelin,66379,,,O
cf-0335,맘/학습맘,맘카페,부산,"연제,부산",연제구맘,https://cafe.naver.com/ysbaby,35705,O,,O
cf-0336,맘/학습맘,맘카페,대전,"유성,죽동,대전",대전죽동맘,https://cafe.naver.com/yuseongmom,8538,,,O
cf-0337,맘/학습맘,맘카페,서울,"송파,강동,위례",송파강동맘,https://cafe.naver.com/zzandol,144584,O,,O
cf-0338,맘/학습맘,맘카페,인천,"인천,남동,서창",인천서창맘,https://cafe.naver.com/twozone,27375,O,,O
cf-0339,맘/학습맘,맘카페,대구,"경북,대구",대구사랑,https://cafe.naver.com/daegusarang7,6764,,,O
cf-0340,맘/학습맘,맘카페,대구,대구,대구시민,https://cafe.naver.com/junasd2,2263,O,,O
cf-0341,맘/학습맘,맘카페,부산,"일광,기장,장안,부산",일기맘,https://cafe.naver.com/lu1mam,42328,O,,O
cf-0342,맘/학습맘,맘카페,경기도,파주,파주맘 파주아빠 이야기,https://cafe.naver.com/peacepaju,2623,,,O
cf-0343,맘/학습맘,맘카페,경기도,"고양,일산,파주",일산파주맘앤파파,https://cafe.naver.com/sky990,23603,,,O
cf-0344,맘/학습맘,맘카페,인천,"인천,부평",인천부평맘,https://cafe.naver.com/datepick,23681,,,O
cf-0345,맘/학습맘,맘카페,인천,"인천,남동,남구",남동맘&남구맘,https://cafe.naver.com/namdongmom,22627,,,O
cf-0346,맘/학습맘,맘카페,서울,강동,고강지처,https://cafe.naver.com/gokangmom,8848,,,O
cf-0347,맘/학습맘,맘카페,전국,,맘스홀릭,https://cafe.naver.com/imoong,151589,,,O
cf-0348,맘/학습맘,맘카페,경기도,"수원,안양,의왕,군포",엄빠라면,https://cafe.naver.com/mnp2022,32612,O,O,O
cf-0349,맘/학습맘,맘카페,경기도,수원,수도권의중심수원,https://cafe.naver.com/suwon1city,60187,,,O
cf-0350,맘/학습맘,맘카페,경북,구미,아이러브맘(구미),https://cafe.naver.com/gyeongbuk007,17267,O,,O
cf-0351,맘/학습맘,맘카페,충남,"서산,태안,당진,홍성",서산사람들,https://cafe.naver.com/sszzang2012,15166,,,O
cf-0352,맘/학습맘,맘카페,제주,제주,제주맘스파파,https://cafe.naver.com/jejumamcafe,14143,,,O
cf-0353,맘/학습맘,맘카페,제주,제주,맘맘맘제주,https://cafe.naver.com/mamamammamjeju,17976,,,O
cf-0354,맘/학습맘,맘카페,충북,충주,충주시닷컴,https://cafe.naver.com/cjyeonsu,47974,,,O
cf-0355,맘/학습맘,맘카페,전북,"전주,군산,익산,정읍,김제",전주맘스,https://cafe.naver.com/fmscloudsv,66417,O,,O
cf-0356,맘/학습맘,맘카페,경기도,"성남,수정",수정맘,https://cafe.naver.com/androidap,18325,,O,O
cf-0357,맘/학습맘,맘카페,전남,"나주,빛가람",나주맘톡,https://cafe.naver.com/najumomtalk,17011,,,O
cf-0358,맘/학습맘,맘카페,전북,전주,전주야놀자,https://cafe.naver.com/bopingonline1,13225,,,O
cf-0359,맘/학습맘,맘카페,경기도,하남,하남맘,https://cafe.naver.com/mp3musicbox,34155,O,,O
cf-0360,맘/학습맘,맘카페,경기도,"하남,강동",하강통,https://cafe.naver.com/hanamnmisa,9141,O,,O
cf-0361,맘/학습맘,맘카페,서울,"송파,위례,강동,감일",송행공,https://cafe.naver.com/cune,6952,,,O
cf-0362,맘/학습맘,맘카페,서울,여의도,여의도사람,https://cafe.naver.com/youido?iframe_url=%2Fca-fe%2Fcafes%2F10055668%2Fmenus%2F7%2Farticles%2Fwrite-error,47442,,,O
cf-0363,맘/학습맘,맘카페,경기도,"부천,중동,상동",부천맘 중동상동맘,https://cafe.naver.com/appleipodtouch,134642,,,O
cf-0364,맘/학습맘,맘카페,전북,"전주,김제",전북혁신전주김제맘,https://cafe.naver.com/succestock,6099,,,O
cf-0365,맘/학습맘,맘카페,경기도,"고양,덕양,덕은",덕은맘 카페,https://cafe.naver.com/dmomsmom,1677,,,O
cf-0366,맘/학습맘,맘카페,인천,"인천,계양",인천계양맘도담도담,https://cafe.naver.com/dodamdodamgmom,12653,,,O
cf-0367,맘/학습맘,맘카페,인천,"인천,미추홀",미미마마,https://cafe.naver.com/dohwamama,11135,,,O
cf-0368,맘/학습맘,맘카페,경기도,"남양주,화도",화도맘,https://cafe.naver.com/hwadomomlove,6590,O,,O
cf-0369,맘/학습맘,맘카페,경남,"김해,장유,율하",장유율하맘,https://cafe.naver.com/yul2moms,16675,,,O
cf-0370,맘/학습맘,맘카페,부산,"남구,부산",부산남구맘,https://cafe.naver.com/cafeadvertisement,42942,,,O
cf-0371,맘/학습맘,맘카페,경남,"김해,장유,율하",소감아점빵,https://cafe.naver.com/sogam1111,28280,,O,O
cf-0372,맘/학습맘,맘카페,전국,,맘스리뷰,https://cafe.naver.com/taisca,86755,,,O
cf-0373,맘/학습맘,맘카페,경기도,"용인,기흥",샤인기흥맘,https://cafe.naver.com/seocheonmom,30565,,,O
cf-0374,맘/학습맘,맘카페,경기도,"용인,처인",용인처인구주민들의공간,https://cafe.naver.com/yukbuklife,32559,,,O
cf-0375,맘/학습맘,맘카페,경기도,수원,수원피플,https://cafe.naver.com/suwonpeople150,20401,,,O
cf-0376,맘/학습맘,맘카페,경기도,화성,화성맘,https://cafe.naver.com/focsa,76946,O,,O
cf-0377,맘/학습맘,맘카페,경기도,"수원,화성,오산",슈퍼맘이떴다,https://cafe.naver.com/yonginmomnoriter81,8562,,,O
cf-0378,맘/학습맘,맘카페,경남,양산,러블리양산맘,https://cafe.naver.com/clanhing,98977,O,,O
cf-0379,맘/학습맘,맘카페,대전,"세종,대전",대세맘,https://cafe.naver.com/tmbtf4,73387,,,O
cf-0380,맘/학습맘,맘카페,경기도,"하남,미사,망월",미사맘카페,https://cafe.naver.com/misamamsnbaby,12258,,,O
cf-0381,맘/학습맘,맘카페,충남,서산,서산태안엄마들의모임,https://cafe.naver.com/happyseosanmom,4320,O,,O
cf-0382,맘/학습맘,맘카페,충남,서산,서산테크노닷컴,https://cafe.naver.com/technoss,12807,,,O
cf-0383,맘/학습맘,맘카페,대전,"대전,충남",맘맘맘대전충남,https://cafe.naver.com/mamamadaejeon,25247,,,O
cf-0384,맛집/문화/캠핑/친목,맛집,울산,,울산맛집멋집,https://cafe.naver.com/bigm,115966,,,O
cf-0385,맛집/문화/캠핑/친목,맛집,,,마리플,https://cafe.naver.com/kaka0tjjang,55388,,,O
cf-0386,맛집/문화/캠핑/친목,문화/예술,,,컬쳐블룸,https://cafe.naver.com/culturebloom,154296,,,O
cf-0387,맛집/문화/캠핑/친목,문화/예술,,,문화상점,https://cafe.naver.com/pandamarket,215885,,,O
cf-0388,맛집/문화/캠핑/친목,문화/예술,,,미모숲,https://cafe.naver.com/sosoin22,43822,,,O
cf-0389,군인/복지/행정/반려동물,반려동물,,,말티푸마을,https://cafe.naver.com/5inglife,30765,,,O
cf-0390,군인/복지/행정/반려동물,반려동물,,,우마동,https://cafe.naver.com/6655happyclub,294449,,,O
cf-0391,군인/복지/행정/반려동물,반려동물,,,아라뱃길,https://cafe.naver.com/arabichon,79974,,,O
cf-0392,군인/복지/행정/반려동물,반려동물,,,도그맘,https://cafe.naver.com/catteryc,26176,,,O
cf-0393,군인/복지/행정/반려동물,반려동물,,,냥이네,https://cafe.naver.com/clubpet,683083,,,O
cf-0394,군인/복지/행정/반려동물,반려동물,,,스마트펫,https://cafe.naver.com/companhia,175031,,,O
cf-0395,군인/복지/행정/반려동물,반려동물,,,아이러브불독,https://cafe.naver.com/csbulldogs,21544,,,O
cf-0396,군인/복지/행정/반려동물,반려동물,,,강여사,https://cafe.naver.com/dhkdrlt,18829,,,O
cf-0397,군인/복지/행정/반려동물,반려동물,,,강사모,https://cafe.naver.com/dogpalza,1961214,,,O
cf-0398,군인/복지/행정/반려동물,반려동물,,,쓰담쓰담,https://cafe.naver.com/dogsdsd,84397,,,O
cf-0399,군인/복지/행정/반려동물,반려동물,,,우나더,https://cafe.naver.com/expert98,52954,,,O
cf-0400,군인/복지/행정/반려동물,반려동물,,,애견미용사날다,https://cafe.naver.com/flytrimmer,67586,,,O
cf-0401,군인/복지/행정/반려동물,반려동물,,,핸드메이드 몽몽,https://cafe.naver.com/gangajipul,177902,,,O
cf-0402,군인/복지/행정/반려동물,반려동물,,,은빛비숑,https://cafe.naver.com/gdqueen,36198,,,O
cf-0403,직장인/업종/창업/취업,업종/직종,,,마케팅 성장 아카데미,https://cafe.naver.com/ieltsnara,25645,,,O
cf-0404,군인/복지/행정/반려동물,반려동물,,,울산강아지카페,https://cafe.naver.com/jola3guckji,6786,,,O
cf-0405,군인/복지/행정/반려동물,반려동물,,,코리안도그,https://cafe.naver.com/koreandogs,10245,,O,O
cf-0406,군인/복지/행정/반려동물,반려동물,,,포메이즈(더도그카페),https://cafe.naver.com/lovedogcafe,250733,,,O
cf-0407,군인/복지/행정/반려동물,반려동물,,,제주펫,https://cafe.naver.com/petteo,8846,,,O
cf-0408,군인/복지/행정/반려동물,반려동물,,,고강정,https://cafe.naver.com/pointonepet,35156,,,O
cf-0409,군인/복지/행정/반려동물,반려동물,,,썸펫,https://cafe.naver.com/sellpet,447711,,,O
cf-0410,군인/복지/행정/반려동물,반려동물,,,바닐라펫,https://cafe.naver.com/u6670108,10691,,O,O
cf-0411,군인/복지/행정/반려동물,반려동물,,,푸들토크,https://cafe.naver.com/vnxhr,29237,,,O
cf-0412,군인/복지/행정/반려동물,반려동물,,,애사모,https://cafe.naver.com/wowlze,307422,,,O
cf-0413,군인/복지/행정/반려동물,반려동물,,,고양이라서다행이야,https://cafe.naver.com/ilovecat,718289,,,O
cf-0414,군인/복지/행정/반려동물,반려동물,,,고사모,https://cafe.naver.com/catmam,268965,,,O
cf-0415,군인/복지/행정/반려동물,복지/행정,,,복지 아는게 힘,https://cafe.naver.com/cafe1535,271128,,,O
cf-0416,군인/복지/행정/반려동물,복지/행정,,,애기똥풀,https://cafe.naver.com/duguldugul,13509,,,O
cf-0417,군인/복지/행정/반려동물,복지/행정,,,국가유공자,https://cafe.naver.com/jongsuk2,29214,,,O
cf-0418,부동산/코인/재테크,부동산,,,세종시닷컴,https://cafe.naver.com/1sejongcity/,324749,,,O
cf-0419,부동산/코인/재테크,부동산,,,광주빛가람,https://cafe.naver.com/bitgaramnewcity,27804,,,O
cf-0420,부동산/코인/재테크,부동산,,,동사모(동탄사랑모임),https://cafe.naver.com/dtsamo,49125,,,O
cf-0421,부동산/코인/재테크,부동산,,,천안아산불당신도시,https://cafe.naver.com/fastcheonan,110581,,,O
cf-0422,부동산/코인/재테크,부동산,,,다산혁신 신도시,https://cafe.naver.com/dasancity,66361,,,O
cf-0423,부동산/코인/재테크,부동산,,,화곡뉴타운,https://cafe.naver.com/hwagoknewtown,13397,,,O
cf-0424,부동산/코인/재테크,부동산,,,울산부동산제태크,https://cafe.naver.com/kyerongapartment,331909,,,O
cf-0425,부동산/코인/재테크,부동산,,,티엘코리아,https://cafe.naver.com/tlkorea,21636,,,O
cf-0426,부동산/코인/재테크,부동산,,,창원부동산이야기,https://cafe.naver.com/xxdkd,189975,,,O
cf-0427,부동산/코인/재테크,부동산,,,텐인텐대전,https://cafe.naver.com/rhocloud,130630,,,O
cf-0428,부동산/코인/재테크,부동산,,,진주혁신도시,https://cafe.naver.com/inguup,20079,,,O
cf-0429,부동산/코인/재테크,부동산,,,사내연,https://cafe.naver.com/hack100000,43522,,,O
cf-0430,부동산/코인/재테크,부동산,,,부동산 스터디,https://cafe.naver.com/jaegebal,2019372,,,O
cf-0431,부동산/코인/재테크,부동산,,,아름다운 내집갖기,https://cafe.naver.com/rainup,1137892,,,O
cf-0432,결혼/뷰티/요리/패션,뷰티/미용,,,뷰티하우스,https://cafe.naver.com/allall,79955,,,O
cf-0433,결혼/뷰티/요리/패션,뷰티/미용,,,꿈녀,https://cafe.naver.com/bornnborn,101326,,,O
cf-0434,결혼/뷰티/요리/패션,뷰티/미용,,,파우더룸,https://cafe.naver.com/cosmania,1957811,,,O
cf-0435,결혼/뷰티/요리/패션,뷰티/미용,,,화성녀,https://cafe.naver.com/goekqwlzkvp,151013,,,O
cf-0436,결혼/뷰티/요리/패션,뷰티/미용,,,뷰티앙,https://cafe.naver.com/jdcbgk,3005,,,O
cf-0437,결혼/뷰티/요리/패션,뷰티/미용,,,화장발카페,https://cafe.naver.com/mp3musicdownloadcafe,372762,,,O
cf-0438,결혼/뷰티/요리/패션,뷰티/미용,,,여생남정,https://cafe.naver.com/suddes,383847,,,O
cf-0439,결혼/뷰티/요리/패션,뷰티/미용,,,겟잇뷰티,https://cafe.naver.com/wphonew,90462,,,O
cf-0440,결혼/뷰티/요리/패션,뷰티/성형,,,여우야,https://cafe.naver.com/feko,1576874,,,O
cf-0441,결혼/뷰티/요리/패션,뷰티/성형,,,뷰티빌리지,https://cafe.naver.com/0jiju0,129374,,,O
cf-0442,결혼/뷰티/요리/패션,뷰티/성형,,,A+여우야,https://cafe.naver.com/fox5282,520586,,,O
cf-0443,결혼/뷰티/요리/패션,뷰티/성형,,,성형위키백과,https://cafe.naver.com/juliett00,262325,,,O
cf-0444,결혼/뷰티/요리/패션,뷰티/성형,,,가슴아픈사람들,https://cafe.naver.com/luxury009,282657,,,O
cf-0445,결혼/뷰티/요리/패션,뷰티/성형,,,남성시,https://cafe.naver.com/monsternet,51598,,,O
cf-0446,결혼/뷰티/요리/패션,뷰티/성형,,,뷰티모델나라,https://cafe.naver.com/pggz,82427,,,O
cf-0447,결혼/뷰티/요리/패션,뷰티/성형,,,유앤유,https://cafe.naver.com/somang33,44931,,,O
cf-0448,결혼/뷰티/요리/패션,뷰티/피부,,,뷰티매니아,https://cafe.naver.com/worrytodream,226194,,,O
cf-0449,결혼/뷰티/요리/패션,뷰티/헤어,,,뷰앤잡,https://cafe.naver.com/bnjob,228811,,,O
cf-0450,생활/인테리어/중고/IT기기,생활가전,,,음식물처리기,https://cafe.naver.com/mobilefreindcafe,15286,,,O
cf-0451,건강/운동/스포츠,스포츠,,,수미사,https://cafe.naver.com/swnolja,164575,,,O
cf-0452,건강/운동/스포츠,스포츠,,,배드민턴 매니아,https://cafe.naver.com/sweetminton,103802,,,O
cf-0453,건강/운동/스포츠,스포츠,,,오픈케어,https://cafe.naver.com/teamfca,33437,,,O
cf-0454,건강/운동/스포츠,스포츠,,,수영코디카페SHC,https://cafe.naver.com/swimmingholicclub,232136,,,O
cf-0455,건강/운동/스포츠,스포츠,,,골프마니아클럽,https://cafe.naver.com/golfmaniaclub,162649,,,O
cf-0456,결혼/뷰티/요리/패션,중고거래,,,시계 직거래 카페,https://cafe.naver.com/txtnovelcafe,53374,,,O
cf-0457,건강/운동/스포츠,스포츠,,,골프조인동호회,https://cafe.naver.com/golfkwang,219894,,,O
cf-0458,건강/운동/스포츠,스포츠,,,골프어때,https://cafe.naver.com/dfither,710311,,,O
cf-0459,건강/운동/스포츠,스포츠,,,유박사테니스,https://cafe.naver.com/usedracket,38732,,,O
cf-0460,직장인/업종/창업/취업,업종/직종,,,피연쌤,https://cafe.naver.com/youreepiano,9278,,,O
cf-0461,직장인/업종/창업/취업,업종/직종,,,외주나라,https://cafe.naver.com/oeju,147066,,,O
cf-0462,직장인/업종/창업/취업,업종/직종,,,경리-회계 직장인들의 쉼터,https://cafe.naver.com/aclove,243543,,,O
cf-0463,직장인/업종/창업/취업,업종/직종,,,인사쟁이,https://cafe.naver.com/ak573,515504,,,O
cf-0464,직장인/업종/창업/취업,업종/직종,,,직장인탐구생활,https://cafe.naver.com/workee,229258,,,O
cf-0465,직장인/업종/창업/취업,업종/직종,,,성학모,https://cafe.naver.com/mams09cafe,15724,,,O
cf-0466,해외/국내여행,여행,,,체크인데이,https://cafe.naver.com/20daelee,384091,,,O
cf-0467,해외/국내여행,여행,,,후쿠오카데이,https://cafe.naver.com/fukuokaday,55399,,,O
cf-0468,해외/국내여행,여행,,,플라잉재팬,https://cafe.naver.com/d2d2d2/2131739,468087,,,O
cf-0469,해외/국내여행,여행,,,사이판 레시피,https://cafe.naver.com/avalonanswers,17275,,,O
cf-0470,해외/국내여행,여행,,,광명 보라카이&보홀 자유여행,https://cafe.naver.com/boracaytkt,50513,,,O
cf-0471,해외/국내여행,여행,,,싱가포르&말레이시아 덩치미투어,https://cafe.naver.com/cartooncafe8046,10888,,,O
cf-0472,해외/국내여행,여행,,,세부100배즐기기,https://cafe.naver.com/cebu100x,646205,,,O
cf-0473,해외/국내여행,여행,,,보자무싸,https://cafe.naver.com/cheepboracay,171596,,,O
cf-0474,해외/국내여행,여행,,,드라이브트래블,https://cafe.naver.com/drivetravel,127683,,,O
cf-0475,해외/국내여행,여행,,,유랑,https://cafe.naver.com/firenze,2300023,,,O
cf-0476,해외/국내여행,여행,,,라오사랑,https://cafe.naver.com/goalla,50984,,,O
cf-0477,해외/국내여행,여행,,,괌 자유여행 길잡이,https://cafe.naver.com/guamfree,854445,,,O
cf-0478,해외/국내여행,여행,,,다낭 도깨비,https://cafe.naver.com/happyibook,1233794,,,O
cf-0479,해외/국내여행,여행,,,하와이라스베가스,https://cafe.naver.com/hawaiiphoto,231319,,,O
cf-0480,해외/국내여행,여행,,,스사사,https://cafe.naver.com/hotellife,1099248,,,O
cf-0481,해외/국내여행,여행,,,캄보디아배낭여행기,https://cafe.naver.com/jiniteacher,64217,,,O
cf-0482,해외/국내여행,여행,,,진심해외여행,https://cafe.naver.com/jinsimtravel,359959,,,O
cf-0483,해외/국내여행,여행,,,여행사랑,https://cafe.naver.com/jp88,28445,,,O
cf-0484,해외/국내여행,여행,,,네일동,https://cafe.naver.com/jpnstory,1652190,,,O
cf-0485,해외/국내여행,여행,,,아이러브태국,https://cafe.naver.com/lovelovecm,95276,,,O
cf-0486,해외/국내여행,여행,,,러브몽골,https://cafe.naver.com/lovemongol,155845,,,O
cf-0487,해외/국내여행,여행,,,러사모,https://cafe.naver.com/loverussia,143500,,,O
cf-0488,해외/국내여행,여행,,,마카오 노블레스,https://cafe.naver.com/macaunoblesse,40150,,,O
cf-0489,해외/국내여행,여행,,,베나자,https://cafe.naver.com/mindy7857,788253,,,O
cf-0490,해외/국내여행,여행,,,하노이 고스트,https://cafe.naver.com/guitarnsong,120620,,,O
cf-0491,해외/국내여행,여행,,,푸꾸옥고스트,https://cafe.naver.com/minecraftpe?iframe_url=/ArticleList.nhn%3Fsearch.clubid=23683173%26search.boardtype=L%26search.totalCount=151%26search.cafeId=23683173%26search.page=2,443781,,,O
cf-0492,해외/국내여행,여행,,,체크인유럽,https://cafe.naver.com/momsolleh,354178,,,O
cf-0493,해외/국내여행,여행,,,머뭄 호주 여행&뉴질랜드 여행,https://cafe.naver.com/mumumhoju,159909,,,O
cf-0494,해외/국내여행,여행,,,미국여행디자인,https://cafe.naver.com/nyctourdesign,391584,,,O
cf-0495,해외/국내여행,여행,,,뉴질랜드 여행루트,https://cafe.naver.com/nzroute,39073,,,O
cf-0496,해외/국내여행,여행,,,팔라완 가는길,https://cafe.naver.com/palawan114,33227,,,O
cf-0497,해외/국내여행,여행,,,세이필,https://cafe.naver.com/realfreetour,158327,,,O
cf-0498,해외/국내여행,여행,,,하노이 도깨비,https://cafe.naver.com/sjdia76,169319,,,O
cf-0499,해외/국내여행,여행,,,태사랑,https://cafe.naver.com/taesarang,620252,,,O
cf-0500,해외/국내여행,여행,,,즐거운 대만여행,https://cafe.naver.com/taiwantour,568604,,,O
cf-0501,해외/국내여행,여행,,,태초의 태국정보,https://cafe.naver.com/thaiinfo,365036,,,O
cf-0502,해외/국내여행,여행,,,다낭 고스트,https://cafe.naver.com/warcraftgamemap,784474,,,O
cf-0503,해외/국내여행,여행,,,꼬마지기의 필리핀 여행가기,https://cafe.naver.com/yetangko,57163,,,O
cf-0504,해외/국내여행,여행,,,나트랑 도깨비,https://cafe.naver.com/zzop,671924,,,O
cf-0505,해외/국내여행,여행,,,하와이넘버원,https://cafe.naver.com/hawaiino1,18916,,,O
cf-0506,해외/국내여행,여행,,,"미국 오리건+포틀랜드,워싱턴",https://cafe.naver.com/oregonlife,17250,,,O
cf-0507,해외/국내여행,여행,,,필준사,https://cafe.naver.com/fictionclub,40224,,,O
cf-0508,해외/국내여행,여행,,,세부 알아가기,https://cafe.naver.com/forcebu,24655,,,O
cf-0509,해외/국내여행,여행,,,인사이드 싱가포르,https://cafe.naver.com/insidesingapore,8694,,,O
cf-0510,해외/국내여행,여행,,,굿모닝캐나다,https://cafe.naver.com/kocainok,12993,,,O
cf-0511,해외/국내여행,여행,,,싱가폴 사랑,https://cafe.naver.com/singaporelove,369290,,,O
cf-0512,해외/국내여행,여행,,,트로이의 필리핀 정보,https://cafe.naver.com/tpit,11378,,,O
cf-0513,해외/국내여행,여행,,,베트남 그리기,https://cafe.naver.com/vietnamsketch,260029,,,O
cf-0514,해외/국내여행,여행,,,아이러브 베트남,https://cafe.naver.com/xxdkdk,115231,,,O
cf-0515,해외/국내여행,여행,,,포에버홍콩,https://cafe.naver.com/foreverhk,626178,,,O
cf-0516,해외/국내여행,여행,,,다낭보물창고,https://cafe.naver.com/grownman,359738,,,O
cf-0517,해외/국내여행,여행,,,사사모,https://cafe.naver.com/iesaipan,178353,,,O
cf-0518,해외/국내여행,여행,,,인도여행을 그리며…,https://cafe.naver.com/india2004#,107260,,,O
cf-0519,해외/국내여행,여행,,,잘란 잘란 인도네시아,https://cafe.naver.com/jalanjalanindonesia,129243,,,O
cf-0520,해외/국내여행,여행,,,다사남,https://cafe.naver.com/luvya,347611,,,O
cf-0521,해외/국내여행,여행,,,하이말레이시아,https://cafe.naver.com/multiroader,165051,,,O
cf-0522,해외/국내여행,여행,,,오사카홀릭,https://cafe.naver.com/worldtravelcafe,483835,,,O
cf-0523,해외/국내여행,여행,,,마이말레이시아,https://cafe.naver.com/mymalaysia,118153,,,O
cf-0524,해외/국내여행,여행,,,지바고,https://cafe.naver.com/card1004,129681,,,O
cf-0525,해외/국내여행,여행/국내,거제도,,거사모,https://cafe.naver.com/glove,441600,,,O
cf-0526,해외/국내여행,여행/국내,제주도,,제주도 한달 라이프,https://cafe.naver.com/seogwipoguesthouse2,224388,,,O
cf-0527,해외/국내여행,여행/국내,제주도,,제주도 게스트하우스,https://cafe.naver.com/myguesthouse,293035,,,O
cf-0528,해외/국내여행,여행/국내,,,가사모,https://cafe.naver.com/hanjun66,31535,,,O
cf-0529,해외/국내여행,여행/국내,,,여하람,https://cafe.naver.com/hanquahelp,12096,,,O
cf-0530,해외/국내여행,여행,제주도,,멘도롱또돗,https://cafe.naver.com/hyjnavercom,110935,,,O
cf-0531,해외/국내여행,여행/국내,,,나여추,https://cafe.naver.com/naganda,201120,,,O
cf-0532,해외/국내여행,여행/국내,,,바이트레인 카페,https://cafe.naver.com/hkct,655113,,,O
cf-0533,해외/국내여행,여행/국내,제주도,,느영나영 카페,https://cafe.naver.com/jejutip,908516,,,O
cf-0534,해외/국내여행,여행/국내,,,여친사,https://cafe.naver.com/livejob,306309,,,O
cf-0535,결혼/뷰티/요리/패션,요리,,,베이킹스쿨,https://cafe.naver.com/bakingschool,150611,,,O
cf-0536,결혼/뷰티/요리/패션,요리,,,오븐앤조이,https://cafe.naver.com/delonghi,379152,,,O
cf-0537,결혼/뷰티/요리/패션,요리,,,칼사랑조리사모임,https://cafe.naver.com/parkjaeyong,50542,,,O
cf-0538,결혼/뷰티/요리/패션,요리,,,일식조리사클럽,https://cafe.naver.com/japanesechefciub,73860,,,O
cf-0539,교육/자격증/유학/이민,교육/자격증,,,조리모카페,https://cafe.naver.com/koreancook,140775,,,O
cf-0540,건강/운동/스포츠,운동,,,건다,https://cafe.naver.com/075cn,10991,,,O
cf-0541,건강/운동/스포츠,운동,,,헬스매니아,https://cafe.naver.com/bodygood,431215,,,O
cf-0542,건강/운동/스포츠,운동,,,커브스 커뮤니티,https://cafe.naver.com/curves?iframe_url=/MyCafeIntro.nhn%3Fclubid=12253845,68763,,,O
cf-0543,건강/운동/스포츠,운동,,,다먹빼,https://cafe.naver.com/dietfood,206845,,,O
cf-0544,건강/운동/스포츠,운동,,,잠백이,https://cafe.naver.com/formsunmyeong,213212,,,O
cf-0545,건강/운동/스포츠,운동,,,스미골들의 동굴,https://cafe.naver.com/golum,118679,,,O
cf-0546,건강/운동/스포츠,운동,,,홈짐스토리,https://cafe.naver.com/homegymstory,16160,,,O
cf-0547,건강/운동/스포츠,운동,,,마이홈짐,https://cafe.naver.com/myhomegym,136113,,,O
cf-0548,건강/운동/스포츠,운동,,,타이탄테크,https://cafe.naver.com/titantechhomegym?iframe_url=/MyCafeIntro.nhn%3Fclubid=30048035,17678,,,O
cf-0549,교육/자격증/유학/이민,유학/워홀,,,미유미,https://cafe.naver.com/anyounghwa,19152,,,O
cf-0550,교육/자격증/유학/이민,유학/워홀,,,유간다,https://cafe.naver.com/utogo,8330,,,O
cf-0551,교육/자격증/유학/이민,유학/워홀,,,세부사랑/필리핀가족연수,https://cafe.naver.com/0ucafe,65929,,,O
cf-0552,교육/자격증/유학/이민,유학/워홀,,,필리핀어학연수,https://cafe.naver.com/antiphilippines,45483,,,O
cf-0553,교육/자격증/유학/이민,유학/워홀,,,엔젯인포,https://cafe.naver.com/camcam,50170,,,O
cf-0554,교육/자격증/유학/이민,유학/워홀,,,조스맘,https://cafe.naver.com/diemusic,34140,,,O
cf-0555,교육/자격증/유학/이민,유학/워홀,,,미학모,https://cafe.naver.com/ghvm33,94361,,,O
cf-0556,교육/자격증/유학/이민,유학/워홀,,,2022 캐나다 워킹홀리데이,https://cafe.naver.com/gocan,196218,,,O
cf-0557,교육/자격증/유학/이민,유학/워홀,,,아독사,https://cafe.naver.com/ieltsdoksa,165780,,,O
cf-0558,교육/자격증/유학/이민,유학/워홀,,,몰타스토리,https://cafe.naver.com/maltastory,13125,,,O
cf-0559,교육/자격증/유학/이민,유학/워홀,,,유학사랑,https://cafe.naver.com/nanada77,64542,,,O
cf-0560,교육/자격증/유학/이민,유학/워홀,,,아이클레버,https://cafe.naver.com/ram2,30008,,,O
cf-0561,교육/자격증/유학/이민,유학/워홀,,,유학브레인,https://cafe.naver.com/solveme,22324,,,O
cf-0562,교육/자격증/유학/이민,유학/워홀,,,뉴질랜드 타우랑가유학원,https://cafe.naver.com/tauranga33,7190,,,O
cf-0563,교육/자격증/유학/이민,유학/워홀,,,해외대학쉽게가기,https://cafe.naver.com/tnsuhak,36524,,,O
cf-0564,교육/자격증/유학/이민,유학/워홀,,,유취카페/미국해외인턴십,https://cafe.naver.com/uchwicafe,16214,,,O
cf-0565,교육/자격증/유학/이민,유학/워홀,,,미유카,https://cafe.naver.com/uhakmoim,75234,,,O
cf-0566,교육/자격증/유학/이민,유학/워홀,,,유학캠프,https://cafe.naver.com/youhakcamp,146292,,,O
cf-0567,교육/자격증/유학/이민,유학/워홀,,,잉글리쉬로드,https://cafe.naver.com/bestjeyou2,35384,,,O
cf-0568,교육/자격증/유학/이민,유학/워홀,,,고고캐나다,https://cafe.naver.com/canadacolleges,34904,,,O
cf-0569,교육/자격증/유학/이민,유학/워홀,,,헬리팩스 라이프,https://cafe.naver.com/halifaxlife,10708,,,O
cf-0570,교육/자격증/유학/이민,유학/워홀,,,호주슈퍼맨,https://cafe.naver.com/kain119,14713,,,O
cf-0571,교육/자격증/유학/이민,유학/워홀,,,뉴질랜드! 따뜻한 남쪽나라!,https://cafe.naver.com/nzwiz,43793,,,O
cf-0572,교육/자격증/유학/이민,유학/워홀,,,GCN이주공사,https://cafe.naver.com/tyhdhdh,26230,,,O
cf-0573,교육/자격증/유학/이민,이민,,,호주 벼룩시장,https://cafe.naver.com/ausseconhand,60630,,,O
cf-0574,교육/자격증/유학/이민,이민,,,미국 텍사스 오스틴 생활,https://cafe.naver.com/austinlife,2859,,,O
cf-0575,교육/자격증/유학/이민,이민,,,달사모,https://cafe.naver.com/baby1004tv,8038,,,O
cf-0576,교육/자격증/유학/이민,이민,,,스위트캐나다,https://cafe.naver.com/bubblepalyer,10440,,,O
cf-0577,교육/자격증/유학/이민,이민,,,캐나다 맘스톡,https://cafe.naver.com/canadamomstalk,28337,,,O
cf-0578,교육/자격증/유학/이민,이민,,,미주맘,https://cafe.naver.com/dramatic2,55139,,,O
cf-0579,교육/자격증/유학/이민,이민,,,아이러브호주,https://cafe.naver.com/iluvhoju,3143,,,O
cf-0580,교육/자격증/유학/이민,이민,,,이민가이드,https://cafe.naver.com/iminguide,22692,,,O
cf-0581,교육/자격증/유학/이민,이민,,,지금 함께하는 호주 이야기,https://cafe.naver.com/jina7,68004,,,O
cf-0582,교육/자격증/유학/이민,이민,,,엘에이맘스,https://cafe.naver.com/lamoms,4860,,,O
cf-0583,교육/자격증/유학/이민,이민,,,LA 집구하기,https://cafe.naver.com/laroom,20648,,,O
cf-0584,교육/자격증/유학/이민,이민,,,뉴욕뉴저지맘,https://cafe.naver.com/newjerseymom,4891,,,O
cf-0585,교육/자격증/유학/이민,이민,,,호주 no.1 중고거래 호박 마켓,https://cafe.naver.com/qldaustralia,20898,,,O
cf-0586,교육/자격증/유학/이민,이민,,,라이언의뉴질랜드,https://cafe.naver.com/rlatldbsdlekekd,20405,,,O
cf-0587,교육/자격증/유학/이민,이민,,,LA카페,https://cafe.naver.com/studyinla,46807,,,O
cf-0588,교육/자격증/유학/이민,이민,,,"호주이민, 호주정착",https://cafe.naver.com/whealer,34371,,,O
cf-0589,교육/자격증/유학/이민,이민,,,즐거운 캐나다 라이프,https://cafe.naver.com/yoehang,105745,,,O
cf-0590,생활/인테리어/중고/IT기기,인테리어,,,행복한여왕,http://cafe.naver.com/playtomato,78108,,,O
cf-0591,생활/인테리어/중고/IT기기,인테리어,,,인기통,https://cafe.naver.com/0404ab,728759,,,O
cf-0592,생활/인테리어/중고/IT기기,인테리어,,,셀프인테리어,https://cafe.naver.com/overseer,558230,,,O
cf-0593,생활/인테리어/중고/IT기기,인테리어,,,예쁜카페 예카,https://cafe.naver.com/mjann,382213,,,O
cf-0594,맛집/문화/캠핑/친목,친목,,,자승모,https://cafe.naver.com/nrdr,131258,,,O
cf-0595,자동차/자전거,자동차,,,제네시스 G70 공식동호회,https://cafe.naver.com/a60a70,162855,,,O
cf-0596,자동차/자전거,자동차,,,전기차동호회,https://cafe.naver.com/allfm01,975549,,,O
cf-0597,자동차/자전거,자동차,,,GV70매니아,https://cafe.naver.com/apaqjshfdlghdqhtmzk,63052,,,O
cf-0598,자동차/자전거,자동차,,,오토웨이브,https://cafe.naver.com/autowave21,219002,,,O
cf-0599,자동차/자전거,자동차,,,그랜저 공식동호회,https://cafe.naver.com/bestcm#,532217,,,O
cf-0600,자동차/자전거,자동차,,,BMW클럽,https://cafe.naver.com/bmwdclub,355125,,,O
cf-0601,자동차/자전거,자동차,,,볼보,https://cafe.naver.com/cksdn8443,212790,,,O
cf-0602,자동차/자전거,자동차,,,BMW3시리즈동호회,https://cafe.naver.com/clubf30,111276,,,O
cf-0603,자동차/자전거,자동차,,,포르테쿱,https://cafe.naver.com/clubfc100,49584,,,O
cf-0604,자동차/자전거,자동차,,,띠띠빵빵 :: 중고차 직거래 장터,https://cafe.naver.com/coed2,683650,,,O
cf-0605,자동차/자전거,자동차,,,랜드로바,https://cafe.naver.com/discoveryclub,91850,,,O
cf-0606,자동차/자전거,자동차,,,제네시스 GV80 클럽 대표 카페,https://cafe.naver.com/dsdawdw,161084,,,O
cf-0607,자동차/자전거,자동차,,,MQ4 공식 동호회,https://cafe.naver.com/englishenglish,889984,,,O
cf-0608,자동차/자전거,자동차,,,제네시스 G80 풀체인지 공식동호회,https://cafe.naver.com/fam100,296869,,,O
cf-0609,자동차/자전거,자동차,,,아우디매니아,https://cafe.naver.com/farhold,323623,,,O
cf-0610,자동차/자전거,자동차,,,포사사,https://cafe.naver.com/fordlove,87700,,,O
cf-0611,자동차/자전거,자동차,,,K8 풀체인지,https://cafe.naver.com/gamewinds,297986,,,O
cf-0612,자동차/자전거,자동차,,,제네시스 GV80 공식동호회,https://cafe.naver.com/gruu?iframe_url=/MyCafeIntro.nhn%3Fclubid=12025661,426072,,,O
cf-0613,자동차/자전거,자동차,,,혼다,https://cafe.naver.com/guitar1224,80241,,,O
cf-0614,자동차/자전거,자동차,,,클럽 MQ4,https://cafe.naver.com/headapji,277003,,,O
cf-0615,자동차/자전거,자동차,,,sm6 공식 동호회,https://cafe.naver.com/iloveeng2000,255145,,,O
cf-0616,자동차/자전거,자동차,,,아우디코리아,https://cafe.naver.com/ilovenover,225857,,,O
cf-0617,자동차/자전거,자동차,,,클럽인피니티,https://cafe.naver.com/infiniti,53107,,,O
cf-0618,자동차/자전거,자동차,,,싼타페 공식동호회,https://cafe.naver.com/iroid,795520,,,O
cf-0619,자동차/자전거,자동차,,,클럽 크루즈,https://cafe.naver.com/lacettigt,261709,,,O
cf-0620,자동차/자전거,자동차,,,제네시스 G80 공식동호회,https://cafe.naver.com/longware,110524,,,O
cf-0621,자동차/자전거,자동차,,,캐스퍼 패밀리,https://cafe.naver.com/morningk,74758,,,O
cf-0622,자동차/자전거,자동차,,,남차카페,https://cafe.naver.com/motorsjason,145577,,,O
cf-0623,자동차/자전거,자동차,,,xm3 & 캠처 공식 동호회,https://cafe.naver.com/mtngd,215724,,,O
cf-0624,자동차/자전거,자동차,,,클럽 투싼,https://cafe.naver.com/musiclord,222867,,,O
cf-0625,자동차/자전거,자동차,,,SV모터스,https://cafe.naver.com/nasacarmotors,38280,,,O
cf-0626,자동차/자전거,자동차,,,벤츠 E클래스,https://cafe.naver.com/neweclass,199824,,,O
cf-0627,자동차/자전거,자동차,,,럭셔리 제네시스 클럽,https://cafe.naver.com/fam100,341959,,,O
cf-0628,자동차/자전거,자동차,,,클럽벤츠,https://cafe.naver.com/nfsclub12,514972,,,O
cf-0629,자동차/자전거,자동차,,,테슬라코리아클럽,https://cafe.naver.com/noljatravel,187209,,,O
cf-0630,자동차/자전거,자동차,,,제네시스 GV70 공식동호회,https://cafe.naver.com/ohwow,199364,,,O
cf-0631,자동차/자전거,자동차,,,K5 풀체인지,https://cafe.naver.com/pantagi/,659517,,,O
cf-0632,자동차/자전거,자동차,,,퍼펙트샤인,https://cafe.naver.com/perfectshine,280170,,,O
cf-0633,자동차/자전거,자동차,,,포람페,https://cafe.naver.com/polamfe,256871,,,O
cf-0634,자동차/자전거,자동차,,,호박자동차,https://cafe.naver.com/qwer7986,22381,,,O
cf-0635,자동차/자전거,자동차,,,제네시스 클럽 대표카페 GV70,https://cafe.naver.com/rjswmqjrmdkffladl,134831,,,O
cf-0636,자동차/자전거,자동차,,,클럽 스포티지,https://cafe.naver.com/rlfnrl2034,239591,,,O
cf-0637,자동차/자전거,자동차,,,벤츠코리아,https://cafe.naver.com/shootgoal,418532,,,O
cf-0638,자동차/자전거,자동차,,,bmw 마니아,https://cafe.naver.com/star2mania,152315,,,O
cf-0639,자동차/자전거,자동차,,,클럽 카니발,https://cafe.naver.com/story77,669339,,,O
cf-0640,자동차/자전거,자동차,,,BMW매니아,https://cafe.naver.com/true8,712483,,,O
cf-0641,자동차/자전거,자동차,,,쉐보레,https://cafe.naver.com/umile,161215,,,O
cf-0642,자동차/자전거,자동차,,,재규어클럽,https://cafe.naver.com/upretty,54513,,,O
cf-0643,자동차/자전거,자동차,,,모하비,https://cafe.naver.com/verahavi,165405,,,O
cf-0644,자동차/자전거,자동차,,,TDI 클럽,https://cafe.naver.com/vwtdi,162519,,,O
cf-0645,자동차/자전거,자동차,,,비머베르크,https://cafe.naver.com/bimmerwerks,156420,,,O
cf-0646,자동차/자전거,자동차,,,그랜저풀체인지,https://cafe.naver.com/suddenattackskincafe,449209,,,O
cf-0647,자동차/자전거,자동차,,,올뉴아반떼,https://cafe.naver.com/blackboxclub,335410,,,O
cf-0648,자동차/자전거,자동차,,,스포티지 풀체인지,https://cafe.naver.com/ipod5,336314,,,O
cf-0649,자동차/자전거,자동차,,,더뉴셀토스,https://cafe.naver.com/lrccafe,318840,,,O
cf-0650,자동차/자전거,자동차,,,팰리세이드,https://cafe.naver.com/naworl,541402,,,O
cf-0651,자동차/자전거,자동차,,,기아K8공식동호회,https://cafe.naver.com/ite,521822,,,O
cf-0652,자동차/자전거,자전거,,,자전거로 여행하는 사람들,https://cafe.naver.com/biketravelers,188275,,,O
cf-0653,생활/인테리어/중고/IT기기,중고거래,,,동두천 알뜰맘,https://cafe.naver.com/ddcmom21,36823,,,O
cf-0654,생활/인테리어/중고/IT기기,중고거래,,,중고나라,https://cafe.naver.com/joonggonara,19240595,,,O
cf-0655,직장인/업종/창업/취업,창업,,,에어비앤비 호스트 모임,https://cafe.naver.com/maplepath,85917,,,O
cf-0656,직장인/업종/창업/취업,창업,,,창사영,https://cafe.naver.com/bluemp3,246080,,O,O
cf-0657,직장인/업종/창업/취업,창업,,,창사영2,https://cafe.naver.com/coolishz,165648,,,O
cf-0658,직장인/업종/창업/취업,창업,,,자영업의 모든것,https://cafe.naver.com/jamo2017/92701,152977,,,O
cf-0659,직장인/업종/창업/취업,창업,,,아프니까사장이다,https://cafe.naver.com/jihosoccer123,1525043,,O,O
cf-0660,직장인/업종/창업/취업,창업,,,고창모,https://cafe.naver.com/jmeat,136885,,O,O
cf-0661,직장인/업종/창업/취업,창업,,,호텔만땅,https://cafe.naver.com/musicalnote1,118110,,,O
cf-0662,직장인/업종/창업/취업,창업,,,행복한 편의점 만들기 연구소,https://cafe.naver.com/happyeverycvs,74131,,,O
cf-0663,직장인/업종/창업/취업,창업,,,호운사,https://cafe.naver.com/peace055,100639,,,O
cf-0664,직장인/업종/창업/취업,창업,,,정창모,https://cafe.naver.com/jjmeat,75596,,O,O
cf-0665,직장인/업종/창업/취업,창업,,,프로페셔널 바리스타 스튜디오,https://cafe.naver.com/barman,235550,,,O
cf-0666,직장인/업종/창업/취업,창업,,,닭집닷컴,https://cafe.naver.com/darkzib,85769,,,O
cf-0667,직장인/업종/창업/취업,창업,,,커직카,https://cafe.naver.com/ettrainer,96216,,,O
cf-0668,직장인/업종/창업/취업,창업,,,테사모,https://cafe.naver.com/seacoffee,95976,,,O
cf-0669,직장인/업종/창업/취업,창업,,,배창사,https://cafe.naver.com/w3fate,70470,,,O
cf-0670,직장인/업종/창업/취업,창업,,,배달의 세계,https://cafe.naver.com/skyr200,54244,,,O
cf-0671,직장인/업종/창업/취업,창업,,,비즈오션,https://cafe.naver.com/id0ga,47157,,,O
cf-0672,직장인/업종/창업/취업,창업,,,라이브커머스,https://cafe.naver.com/lovegta3,10370,,,O
cf-0673,직장인/업종/창업/취업,창업,,,한국창업센터,https://cafe.naver.com/withsarang,124710,,,O
cf-0674,직장인/업종/창업/취업,창업,,,창사재,https://cafe.naver.com/kingsrod,8613,,,O
cf-0675,직장인/업종/창업/취업,창업,,,유노연,https://cafe.naver.com/aweq123,59906,,,O
cf-0676,직장인/업종/창업/취업,창업,,,프리뷰,https://cafe.naver.com/aldisg0123d,140474,,,O
cf-0677,직장인/업종/창업/취업,창업,,,창업연구소,https://cafe.naver.com/infoker,111048,,,O
cf-0678,직장인/업종/창업/취업,창업,,,자영업자의 쉼터,https://cafe.naver.com/jangsin1004,153840,,,O
cf-0679,직장인/업종/창업/취업,창업,,,사업의달인,https://cafe.naver.com/nowholic,104929,,,O
cf-0680,직장인/업종/창업/취업,창업,,,사블랑,https://cafe.naver.com/blogdesignup,39859,,,O
cf-0681,직장인/업종/창업/취업,취업,,,패션&취업 완전정복,https://cafe.naver.com/fashionworking,175883,,,O
cf-0682,직장인/업종/창업/취업,취업,,,취업뽀개기,https://cafe.naver.com/breakjobnaver,162927,,,O
cf-0683,직장인/업종/창업/취업,취업,,,파마메디잡,https://cafe.naver.com/1063216,60774,,,O
cf-0684,직장인/업종/창업/취업,취업,,,엔준모,https://cafe.naver.com/snswjdghktkdl,61552,,,O
cf-0685,직장인/업종/창업/취업,취업,,,피플앤잡,https://cafe.naver.com/peoplenjob,49198,,,O
cf-0686,맛집/문화/캠핑/친목,친목,,,와쌉,https://cafe.naver.com/winerack24,227883,,,O
cf-0687,맛집/문화/캠핑/친목,친목,,,산업 다아라,https://cafe.naver.com/imdaara,894,,,O
cf-0688,직장인/업종/창업/취업,업종/직종,,,산사모,https://cafe.naver.com/sm87sell,29,,,O
cf-0689,교육/자격증/유학/이민,교육,,,전대모,https://cafe.naver.com/goondae,1201994,,,O
cf-0690,직장인/업종/창업/취업,업종/직종,,,고물연합,https://cafe.naver.com/gnscrap,24470,,,O
cf-0691,맛집/문화/캠핑/친목,친목,,,굿바이 싱글,https://cafe.naver.com/dohak27,79832,,,O
cf-0692,맛집/문화/캠핑/친목,친목,,,리그오브레전드,https://cafe.naver.com/lolkor,792496,,,O
cf-0693,맛집/문화/캠핑/친목,캠핑,,,제일모빌,https://cafe.naver.com/teamedwin,13465,,,O
cf-0694,맛집/문화/캠핑/친목,캠핑,,,클럽캠프타운,https://cafe.naver.com/camptowncamping,36707,,,O
cf-0695,맛집/문화/캠핑/친목,캠핑,,,캠핑메이트,https://cafe.naver.com/campingmate,36260,,,O
cf-0696,맛집/문화/캠핑/친목,캠핑,,,캠핑하자,https://cafe.naver.com/campinghaja,38714,,,O
cf-0697,건강/운동/스포츠,스포츠,,,해외골프여행 GABOJAGO,https://cafe.naver.com/campingnbbq,68212,,,O
cf-0698,맛집/문화/캠핑/친목,캠핑,,,초보캠핑파크,https://cafe.naver.com/hongyoun93,46995,,,O
cf-0699,맛집/문화/캠핑/친목,캠핑,,,힐링캠핑,https://cafe.naver.com/tct12,61855,,,O
cf-0700,맛집/문화/캠핑/친목,캠핑,,,대한민국캠핑,https://cafe.naver.com/kcamp,66379,,,O
cf-0701,맛집/문화/캠핑/친목,캠핑,,,초캠장터,https://cafe.naver.com/chocammall,1287175,,,O
cf-0702,맛집/문화/캠핑/친목,캠핑,,,차박,https://cafe.naver.com/nismo,57517,,,O
cf-0703,맛집/문화/캠핑/친목,캠핑,,,캠핑클럽,https://cafe.naver.com/campingclub,80676,,,O
cf-0704,맛집/문화/캠핑/친목,캠핑,,,캠핑퍼스트,https://cafe.naver.com/campingfirst,1068734,,,O
cf-0705,맛집/문화/캠핑/친목,캠핑,,,차박캠핑클럽,https://cafe.naver.com/chcamping,307067,,,O
cf-0706,맛집/문화/캠핑/친목,캠핑,,,차박은 내친구,https://cafe.naver.com/gpsf,194647,,,O
cf-0707,맛집/문화/캠핑/친목,캠핑,,,달구지,https://cafe.naver.com/joycamping,204039,,,O
cf-0708,맛집/문화/캠핑/친목,캠핑,경상도,울산,울모캠,https://cafe.naver.com/ulsanallcamp,3720,,,O
cf-0709,생활/인테리어/중고/IT기기,컴퓨터/통신,,,맥쓰사,https://cafe.naver.com/inmacbook.cafe,807148,,,O
cf-0710,생활/인테리어/중고/IT기기,컴퓨터/통신,,,컴초모,https://cafe.naver.com/dowajo,361852,,,O
cf-0711,생활/인테리어/중고/IT기기,컴퓨터/통신,,,국밥폰,https://cafe.naver.com/musicgoes,108090,,,O
cf-0712,생활/인테리어/중고/IT기기,컴퓨터/통신,,,대한폰 수다방,https://cafe.naver.com/bjphone,1100803,,,O
cf-0713,생활/인테리어/중고/IT기기,컴퓨터/통신,,,삼성노트북,https://cafe.naver.com/s9s9s9s9,27917,,,O
cf-0714,부동산/코인/재테크,코인/재테크,,,거북이투자법,https://cafe.naver.com/geobuk2,515757,,,O
cf-0715,부동산/코인/재테크,코인/재테크,,,함투,https://cafe.naver.com/withstock,245504,,,O
cf-0716,부동산/코인/재테크,코인/재테크,,,돈공부는처음이라,https://cafe.naver.com/myungeui,47618,,,O
cf-0717,부동산/코인/재테크,코인/재테크,,,비트코인,https://cafe.naver.com/1djr58,179261,,,O
cf-0718,부동산/코인/재테크,코인/재테크,,,코인플래닛,https://cafe.naver.com/autogallery911,44206,,,O
cf-0719,부동산/코인/재테크,코인/재테크,,,머니트렌드,https://cafe.naver.com/bisml,8726,,,O
cf-0720,부동산/코인/재테크,코인/재테크,,,비투모,https://cafe.naver.com/btomo,40081,,,O
cf-0721,부동산/코인/재테크,코인/재테크,,,주식투자 칸츠,https://cafe.naver.com/candeo,3936,,,O
cf-0722,부동산/코인/재테크,코인/재테크,,,짠돌이 부자되기,https://cafe.naver.com/engmstudy,320504,,,O
cf-0723,부동산/코인/재테크,코인/재테크,,,재테크 공부 같이해볼까요?,https://cafe.naver.com/financesummary,28343,,,O
cf-0724,부동산/코인/재테크,코인/재테크,,,비투카,https://cafe.naver.com/flecture,264667,,,O
cf-0725,부동산/코인/재테크,코인/재테크,,,금융투자 재테크,https://cafe.naver.com/havedream1,27852,,,O
cf-0726,부동산/코인/재테크,코인/재테크,,,흥부야 재테크하자,https://cafe.naver.com/hbya,245429,,,O
cf-0727,부동산/코인/재테크,코인/재테크,,,비트코인 가이드,https://cafe.naver.com/loanlife82,3942,,,O
cf-0728,부동산/코인/재테크,코인/재테크,,,행복재테크,https://cafe.naver.com/mkas1,361227,,,O
cf-0729,부동산/코인/재테크,코인/재테크,,,부동산 보물섬,https://cafe.naver.com/nanumkoo,52232,,,O
cf-0730,부동산/코인/재테크,코인/재테크,,,비트맨,https://cafe.naver.com/nexontv,1023362,,,O
cf-0731,부동산/코인/재테크,코인/재테크,,,월급쟁이 재테크,https://cafe.naver.com/onepieceholicplus,974565,,,O
cf-0732,부동산/코인/재테크,코인/재테크,,,경리나라,https://cafe.naver.com/serplove,357321,,,O
cf-0733,부동산/코인/재테크,코인/재테크,,,돈맛,https://cafe.naver.com/somenickname,8263,,,O
cf-0734,부동산/코인/재테크,코인/재테크,,,딸기아빠의 펀펀 재테크,https://cafe.naver.com/stocknjoy,119572,,,O
cf-0735,맛집/문화/캠핑/친목,친목,,,탕카페 서든어택,https://cafe.naver.com/tang2011,278077,,,O
cf-0736,부동산/코인/재테크,코인/재테크,,,비트마스터,https://cafe.naver.com/test110,174161,,,O
cf-0737,부동산/코인/재테크,코인/재테크,,,부자클럽 앱테크,https://cafe.naver.com/therichgroup,6920,,,O
cf-0738,부동산/코인/재테크,코인/재테크,,,평생주식카페,https://cafe.naver.com/ustock,1051314,,,O
cf-0739,부동산/코인/재테크,코인/재테크,,,코인왕,https://cafe.naver.com/worldchangingbitcoin,7020,,,O
cf-0740,부동산/코인/재테크,코인/재테크,,,꿈행부기,https://cafe.naver.com/wwmaker,11349,,,O
cf-0741,부동산/코인/재테크,코인/재테크,,,양딸기의 비트코인,https://cafe.naver.com/yangddalki,6327,,,O
cf-0742,부동산/코인/재테크,코인/재테크,,,월급쟁이부자들,https://cafe.naver.com/wecando7,586430,,,O
cf-0743,부동산/코인/재테크,코인/재테크,,,달팽이주식,https://cafe.naver.com/pointns,223099,,,O
cf-0744,결혼/뷰티/요리/패션,패션/쇼핑,,,틴틴,https://cafe.naver.com/ro11ypop,80652,,,O
cf-0745,결혼/뷰티/요리/패션,패션/쇼핑,,,스마트바겐,https://cafe.naver.com/smartbargain,329114,,,O
cf-0746,결혼/뷰티/요리/패션,패션/쇼핑,,,헤이든,https://cafe.naver.com/lovehayden,202492,,,O
cf-0747,결혼/뷰티/요리/패션,패션/쇼핑,,,나이키매니아,https://cafe.naver.com/sssw,1145179,,,O
cf-0748,결혼/뷰티/요리/패션,패션/쇼핑,,,쇼핑지름신,https://cafe.naver.com/shopjirmsin,688671,,,O
cf-0749,결혼/뷰티/요리/패션,패션/쇼핑,,,시크먼트,https://cafe.naver.com/parisienlook,679181,,,O
cf-0750,결혼/뷰티/요리/패션,패션/쇼핑,,,핏더사이즈,https://cafe.naver.com/fitthesize,197000,,,O
cf-0751,맘/학습맘,맘카페,충북,청주,맘스캠프,https://cafe.naver.com/cjcjmom,122011,,O,O
cf-0752,결혼/뷰티/요리/패션,패션/쇼핑,,,몰테일,https://cafe.naver.com/malltail,767334,,,O
cf-0753,건강/운동/스포츠,건강,,,느린걸음,https://cafe.naver.com/loosebaby,95399,,,O
cf-0754,건강/운동/스포츠,건강,,,치매노인을사랑하는모임,https://cafe.naver.com/chinosamo,66311,,,O
cf-0755,직장인/업종/창업/취업,취업,,,렛유인,https://cafe.naver.com/letuin,100468,,,O
cf-0756,직장인/업종/창업/취업,취업,,,공취사,https://cafe.naver.com/uccplus,923913,,,O
cf-0757,직장인/업종/창업/취업,취업,,,취업대학교,https://cafe.naver.com/bebettergirls,879207,,,O
cf-0758,맘/학습맘,맘카페,부산,"부산,강서",강서이야기,https://cafe.naver.com/myungjicafe,63121,,,O
cf-0759,부동산/코인/재테크,부동산,,,동네방네,https://cafe.naver.com/gshs2011,28748,,,O
cf-0760,맛집/문화/캠핑/친목,맛집,충북,청주,청주맛집멋집,https://cafe.naver.com/truecj,961988,,,O
cf-0761,맘/학습맘,맘카페,충북,충주,충주사람 모여라,https://cafe.naver.com/cjgathering,14331,,,O
cf-0762,맛집/문화/캠핑/친목,문화/예술,,,영탁공식팬카페,https://cafe.naver.com/takstudioofficial,29082,,,O
cf-0763,교육/자격증/유학/이민,교육/자격증,,,이기적스터디카페,https://cafe.naver.com/yjbooks,72351,,,O
cf-0764,맛집/문화/캠핑/친목,맛집,부산,,부산맛집카페,https://cafe.naver.com/busangourmandism,10246,,,O
cf-0765,맘/학습맘,맘카페,경북,김천,김천혁신맘,https://cafe.naver.com/momgimcheon,21473,,,O
cf-0766,직장인/업종/창업/취업,취업,,,백조.백수의 희망만들기,https://cafe.naver.com/makehope,97947,,,O
cf-0767,맘/학습맘,맘카페,경기도,하남,올맘공구,https://cafe.naver.com/orangebsxfy,2832,O,,O
cf-0768,맘/학습맘,맘카페,경기도,의정부,의정부맘카페,https://cafe.naver.com/checosever,1445,,,O
cf-0769,맘/학습맘,맘카페,경기도,양주,양주맘스홀릭,https://cafe.naver.com/realseason1,20943,,,O
cf-0770,부동산/코인/재테크,부동산,,,실전 분양권투자 지원센터,https://cafe.naver.com/kmhking,508318,,,O
cf-0771,결혼/뷰티/요리/패션,뷰티/미용,,,뷰티레인저스,https://cafe.naver.com/mountb,92303,,,O
cf-0772,맘/학습맘,교육/학습맘,,,유준형화학연구소,https://cafe.naver.com/junescienceschool,27778,,,O
cf-0773,맘/학습맘,맘카페,경기도,"남양주,화도",라온스토리,https://cafe.naver.com/maseokraonin,3593,,,O
cf-0774,맘/학습맘,맘카페,서울,강서,서강맘,https://cafe.naver.com/dietofcry,8424,,,O
cf-0775,맘/학습맘,맘카페,경기도,"시흥,장현,능곡,장곡",맘스블로썸,https://cafe.naver.com/ls2007,31018,,,O
cf-0776,맘/학습맘,맘카페,경기도,"수원,화성,새솔",수노을맘모여라,https://cafe.naver.com/sgcmom,1040,,,O
cf-0777,직장인/업종/창업/취업,업종/직종,,,4차원 성형기술,https://cafe.naver.com/parksk1972,93655,,,O
cf-0778,직장인/업종/창업/취업,업종/직종,,,식품제조,https://cafe.naver.com/food2008,173148,,,O
cf-0779,직장인/업종/창업/취업,창업,,,셀러오션,https://cafe.naver.com/soho,802804,,,O
cf-0780,맛집/문화/캠핑/친목,친목,,운세/풍수지리,에브리포춘,https://cafe.naver.com/gassagge,55653,,,O
cf-0781,해외/국내여행,여행,,,뉴스사사,https://cafe.naver.com/loyaltylife,91056,,,O
cf-0782,해외/국내여행,여행,,,어디든체크인,https://cafe.naver.com/checkincafe,42443,,,O
cf-0783,맛집/문화/캠핑/친목,친목,,,브릭랜드,https://cafe.naver.com/toy7,29899,,,O
cf-0784,맛집/문화/캠핑/친목,친목,,,브릭동네,https://cafe.naver.com/brickdongne,49020,,,O
cf-0785,맘/학습맘,맘카페,경기도,분당,분당맘스,https://cafe.naver.com/bundangmoms,14132,,,O
cf-0786,맛집/문화/캠핑/친목,맛집,,,분당&죽전&수지 맛집,https://cafe.naver.com/foodmadang0,31050,,,O
cf-0787,맛집/문화/캠핑/친목,친목,,운세/풍수지리,행복한사주,https://cafe.naver.com/sajuba,55098,,,O
cf-0788,맘/학습맘,맘카페,경기도,부천,부천맘모여라,https://cafe.naver.com/androinfo,130061,,,O
cf-0789,맛집/문화/캠핑/친목,맛집,경기,수원,맛있는 수원,https://cafe.naver.com/suwongt,83452,,,O
cf-0790,맛집/문화/캠핑/친목,친목,,,오픈크리에이터즈,https://cafe.naver.com/makerfac,103575,,,O
cf-0791,맛집/문화/캠핑/친목,친목,,,위스키코냑클럽,https://cafe.naver.com/whiskycognac,114443,,,O
cf-0792,건강/운동/스포츠,건강,,,갑상선포럼,https://cafe.naver.com/thyroidcancers,225944,,,O
cf-0793,건강/운동/스포츠,건강,,,갑상선사랑,https://cafe.naver.com/thyroid,43007,,,O
cf-0794,맛집/문화/캠핑/친목,친목,경기도,일산,일산피플,https://cafe.naver.com/lpphoto,57666,,,O
cf-0795,맘/학습맘,맘카페,경기도,"안양,군포,의왕,범계,평촌,산본",해피타운,https://cafe.naver.com/happymom7979,65363,O,,O
cf-0796,맘/학습맘,맘카페,경기도,"안양,군포,의왕,과천",안양마님,https://cafe.naver.com/anyangworkingmom,3798,O,,O
cf-0797,맛집/문화/캠핑/친목,친목,,,피규어매니아,https://cafe.naver.com/onepiecefiguremania,32890,,,O
cf-0798,자동차/자전거,자동차,,,벤츠GL클럽,https://cafe.naver.com/benzglkml,86090,,,O
cf-0799,직장인/업종/창업/취업,업종/직종,,,배달세상,https://cafe.naver.com/nds07,237930,,,O
cf-0800,직장인/업종/창업/취업,광고/마케팅,,,소셜공간,https://cafe.naver.com/sens3,117345,,,O
cf-0801,직장인/업종/창업/취업,취업,,,알구사,https://cafe.naver.com/alba94,90032,,,O
cf-0802,직장인/업종/창업/취업,취업,,,투잡나라,https://cafe.naver.com/twrpgs4,58507,,,O
cf-0803,직장인/업종/창업/취업,창업,,,창업시대,https://cafe.naver.com/vup,46339,,,O
cf-0804,직장인/업종/창업/취업,창업,,,주말창업협회,https://cafe.naver.com/nanada88,130816,,,O
cf-0805,직장인/업종/창업/취업,창업,,,내부자,https://cafe.naver.com/pms12,102291,,,O
cf-0806,결혼/뷰티/요리/패션,결혼,,,결직웨딩,https://cafe.naver.com/poohstory,37300,,,O
cf-0807,직장인/업종/창업/취업,업종/직종,,,전현차스튜어디스,https://cafe.naver.com/sheiszzz,234323,,,O
cf-0808,직장인/업종/창업/취업,업종/직종,,,품질과QCD,https://cafe.naver.com/tqcquality,85843,,,O
cf-0809,건강/운동/스포츠,건강,,,유방암이야기,https://cafe.naver.com/uvacenter,172295,,,O
cf-0810,건강/운동/스포츠,건강,,,유방재건전문,https://cafe.naver.com/breastbeauty,16677,,,O
cf-0811,맛집/문화/캠핑/친목,친목,,,게임도리,https://cafe.naver.com/gamedori2018,5079,,,O
cf-0812,건강/운동/스포츠,운동,,,산타바바라,https://cafe.naver.com/santabarbara1,6715,,,O
cf-0813,건강/운동/스포츠,운동,,,천지산악회,https://cafe.naver.com/solo2040,26519,,,O
cf-0814,건강/운동/스포츠,운동,,,고윈클럽,https://cafe.naver.com/windstopper,73666,,,O
cf-0815,맘/학습맘,맘카페,부산,"정관,기장,일광,해운대,양산",정관맘스토리,https://cafe.naver.com/jgmomstory,8458,,,O
cf-0816,맘/학습맘,맘카페,,,쌍둥이나라,https://cafe.naver.com/twinsland,70618,,,O
cf-0817,군인/복지/행정/반려동물,반려동물,,,강사모2019,https://cafe.naver.com/kangsamo2019,126184,,,O
cf-0818,맘/학습맘,맘카페,경북,경주,경주맘 놀이터,https://cafe.naver.com/gyeongiumom,5424,,,O
cf-0819,맘/학습맘,맘카페,서울,,서울맘스파파,https://cafe.naver.com/seongpick,5511,,,O
cf-0820,맘/학습맘,맘카페,전국,,다미댁과 쉽게 육아하기,https://cafe.naver.com/dami721,11168,,,O
cf-0821,맛집/문화/캠핑/친목,친목,,,오이네(오늘의 이야기),https://cafe.naver.com/brownkqtdy,15235,,,O
cf-0822,건강/운동/스포츠,건강,,,당뇨와건강 카페,https://cafe.naver.com/dangsamo,274027,,,O
cf-0823,맘/학습맘,맘카페,전남,"순천,광양,여수",순광맘,https://cafe.naver.com/cjsam,98920,,,O
cf-0824,맘/학습맘,맘카페,,,세종맘파파,https://cafe.naver.com/sejongmp,4678,,,O
cf-0825,건강/운동/스포츠,운동,,,크로스핏매니아,https://cafe.naver.com/tpr33,111565,,,O
cf-0826,생활/인테리어/중고/IT기기,컴퓨터/통신,,,CCTV IP 카메라 사용자 모임,https://cafe.naver.com/ipcctv,22946,,,O
cf-0827,생활/인테리어/중고/IT기기,인테리어,,,매소연,https://cafe.naver.com/ncafeanimation,45463,,,O
cf-0828,맘/학습맘,맘카페,군산,,군산반디맘,https://cafe.naver.com/kk9659,22124,,,O
cf-0829,직장인/업종/창업/취업,업종/직종,,,나는유튜버다,https://cafe.naver.com/iamyoutuber,41411,,,O
cf-0830,직장인/업종/창업/취업,업종/직종,,,지금바로유튜브 크리에이터,https://cafe.naver.com/barotube,857,,,O
cf-0831,직장인/업종/창업/취업,업종/직종,,,유돈사,https://cafe.naver.com/knoahaistudy,4011,,,O
cf-0832,직장인/업종/창업/취업,업종/직종,,,"★유튜브, 유튜버,크리에이터,BJ★MCN,동영상편집,저작권 정보",https://cafe.naver.com/bigcheat,11887,,,O
cf-0833,결혼/뷰티/요리/패션,뷰티/피부,,,블링블링,https://cafe.naver.com/lnf,43665,,,O
cf-0834,건강/운동/스포츠,건강,,,심혈관 정보 커뮤니티,https://cafe.naver.com/leeheartwell,127837,,,O
cf-0835,맘/학습맘,맘카페,부산,동래,아이러브 동래구맘,https://cafe.naver.com/dongraemom,6893,,,O
cf-0836,맘/학습맘,맘카페,경기도,부천,애솔나무,https://cafe.naver.com/buchonmom,11467,,,O
cf-0837,맛집/문화/캠핑/친목,맛집,,,동탄맛집갓생살기,https://cafe.naver.com/dongtan74,4995,,,O
cf-0838,교육/자격증/유학/이민,교육/학습,,,하우투,https://cafe.naver.com/mapacademy,318810,,,O
cf-0839,부동산/코인/재테크,부동산,,,살모사의 커피하우스,https://cafe.naver.com/arcadestudy,42823,,,O
cf-0840,부동산/코인/재테크,부동산,,,건물주모임,https://cafe.naver.com/nikonkr,111758,,,O
cf-0841,맘/학습맘,교육/학습맘,전국,,퍼플맘의 스마트육아,https://cafe.naver.com/purplemam,66235,,,O
cf-0842,맘/학습맘,맘카페,경북,"예천,안동",도청맘 모여라,https://cafe.naver.com/gbdcmom,7654,,,O
cf-0843,맘/학습맘,맘카페,,,아이주도 이유식 연구소,https://cafe.naver.com/blwkr,87006,,,O
cf-0844,맘/학습맘,맘카페,경기도,여주,여주맘,https://cafe.naver.com/dnfnf,39331,,,O
cf-0845,맘/학습맘,맘카페,충북,"진천,광혜원",광혜원맘모여라,https://cafe.naver.com/red9602,3586,,,O
cf-0846,결혼/뷰티/요리/패션,패션/쇼핑,,,헬스케어 전문몰,https://cafe.naver.com/feelbrothers,74237,,,O
cf-0847,맘/학습맘,맘카페,광주,,광주맘부부,https://cafe.naver.com/ipadyumyum,107078,,,O
cf-0848,맘/학습맘,맘카페,인천,"중구,영종국제도시",영맘,https://cafe.naver.com/yeongjongdolove,75161,,,O
cf-0849,건강/운동/스포츠,건강/아이,,,열나요,https://cafe.naver.com/fevercoach,96430,,,O
cf-0850,맘/학습맘,맘카페,충남,"이산,배방",배방 맘앤맘,https://cafe.naver.com/bbmom,30230,,,O
cf-0851,맘/학습맘,맘카페,대구,"북구,칠곡",칠곡맘들의 휴식처,https://cafe.naver.com/happymomscg/426223,20777,,,O
cf-0852,해외/국내여행,여행,,,베트남 피크타임,https://cafe.naver.com/vinpearl,192278,,,O
cf-0853,맘/학습맘,맘카페,서울,개포,진짜개포맘,https://cafe.naver.com/panic001,27477,,,O
cf-0854,맘/학습맘,맘카페,경기도,"수원,영통",영통맘모여라,https://cafe.naver.com/daddyvideo,16413,,,O
cf-0855,맘/학습맘,교육/학습맘,,,우리아이 책카페,https://cafe.naver.com/nowbook,232150,,,O
cf-0856,맘/학습맘,맘카페,서울,,서울 뷰티맘,https://cafe.naver.com/jnc3,63138,,,O
cf-0857,맘/학습맘,맘카페,전국,,살림의 여왕,https://cafe.naver.com/helan,47095,,,O
cf-0858,맘/학습맘,맘카페,경기도,"동탄,동투",동탄맘들의 특별한 공간,https://cafe.naver.com/eulkwan,49000,,,O
cf-0859,맘/학습맘,맘카페,전국,,사과나무 맘스홀릭,https://cafe.naver.com/minsermooing,63764,,,O
cf-0860,맘/학습맘,맘카페,경기도,"수원,광교,영통",광교맘,https://cafe.naver.com/dongwoo79,63362,,,O
cf-0861,맘/학습맘,맘카페,경기도,"수원,권선",권선구맘,https://cafe.naver.com/dydrbdtjssu,9752,,,O
cf-0862,맘/학습맘,맘카페,서울,"동대문,장안",수다떠는 장안맘,https://cafe.naver.com/jangantalk,16059,,,O
cf-0863,생활/인테리어/중고/IT기기,인테리어,,,홈앤퍼니쳐,https://cafe.naver.com/wkwmd789,121685,,,O
cf-0864,맘/학습맘,교육/학습맘,서울,"목동,양천",목동교육이사는세상,https://cafe.naver.com/bitmoum,22734,,,O
cf-0865,맘/학습맘,맘카페,전남,고흥,고흥맘 고운맘,https://cafe.naver.com/goheungmom,9320,,,O
cf-0866,맘/학습맘,맘카페,전남,"무안,오룡,목포,남악",남악맘 오룡맘,https://cafe.naver.com/namakmom2,15750,,,O
cf-0867,맘/학습맘,맘카페,전남,해남,해남맘 우먼파워,https://cafe.naver.com/pinklonos,5448,,,O
cf-0868,맘/학습맘,맘카페,대전,대덕,대전송촌맘들의 수다방,https://cafe.naver.com/songchonmom?tc=shared_link,8354,,,O
cf-0869,맘/학습맘,맘카페,경남,김해,러블리맘카페,https://cafe.naver.com/gray2lbka,10004,,,O
cf-0870,생활/인테리어/중고/IT기기,인테리어,,,(주)경량철골,https://cafe.naver.com/wallinterior/31357,11376,,,O
cf-0871,맘/학습맘,맘카페,경기도,,경기맘스파파,https://cafe.naver.com/supick,5039,,,O
cf-0872,맛집/문화/캠핑/친목,친목,,,은퇴 후 50년,https://cafe.naver.com/dlxogns01,92893,,,O
cf-0873,생활/인테리어/중고/IT기기,인테리어,,,인테리어 공사/자재/견적,https://cafe.naver.com/jaengid,67234,,,O
cf-0874,자동차/자전거,자동차,,,지입차안내소,https://cafe.naver.com/madpia2,36854,,,O
cf-0875,자동차/자전거,자동차,,,QM6매니아,https://cafe.naver.com/usemaprank,339227,,,O
cf-0876,자동차/자전거,자동차,,,스파크클럽,https://cafe.naver.com/m300club,332956,,,O
cf-0877,자동차/자전거,자동차,,,모닝짱,https://cafe.naver.com/morningjjang,337214,,,O
cf-0878,자동차/자전거,자동차,,,코나패밀리,https://cafe.naver.com/jsmusic,275654,,,O
cf-0879,자동차/자전거,자동차,,,탐나는레이,https://cafe.naver.com/clubkiakue,261281,,,O
cf-0880,자동차/자전거,자동차,,,k3패밀리,https://cafe.naver.com/dfrx,215878,,,O
cf-0881,자동차/자전거,자동차,,,클럽 팰리세이드,https://cafe.naver.com/allumpc,223224,,,O
cf-0882,자동차/자전거,자동차,,,클럽 베뉴,https://cafe.naver.com/krzr,216566,,,O
cf-0883,자동차/자전거,자동차,,,올뉴말리부 오너스클럽,https://cafe.naver.com/anytouch,182397,,,O
cf-0884,자동차/자전거,자동차,,,폭스바겐클럽,https://cafe.naver.com/jettaclub,128886,,,O
cf-0885,자동차/자전거,자동차,,,bmw x시리즈 클럽,https://cafe.naver.com/khmusicacademy,149559,,,O
cf-0886,자동차/자전거,자동차,,,기아 자동차 공식 동호회,https://cafe.naver.com/carmessenger,215421,,,O
cf-0887,자동차/자전거,자동차,,,아우디 A6 동호회,https://cafe.naver.com/newaudi,46849,,,O
cf-0888,자동차/자전거,자동차,,,K7 더뉴 멤버스,https://cafe.naver.com/fmself,98354,,,O
cf-0889,맘/학습맘,맘카페,대구,대구,대동맘,https://cafe.naver.com/cyworldnateid,68011,,,O
cf-0890,맘/학습맘,교육/학습맘,대구,수성구,대구 수성구맘&교육,https://cafe.naver.com/tooniverseloveyou,22193,,,O
cf-0891,맘/학습맘,맘카페,대구,대구,핫딜 대구맘,https://cafe.naver.com/dgmhdb,7816,,,O
cf-0892,맘/학습맘,맘카페,대구,수성구,대구 수성구맘,https://cafe.naver.com/sjmamnheart,12222,,,O
cf-0893,부동산/코인/재테크,부동산,,,부동산투자상담,https://cafe.naver.com/tujasam/79781,16039,,,O
cf-0894,맘/학습맘,교육/학습맘,제주,,제주영어교육도시카페,https://cafe.naver.com/samjunggedu,1572,,,O
cf-0895,교육/자격증/유학/이민,교육,제주,,제영도,https://cafe.naver.com/posuv,1572,,,O
cf-0896,생활/인테리어/중고/IT기기,친목,,,밤도깨비,https://cafe.naver.com/bamsaju,71271,,,O
cf-0897,교육/자격증/유학/이민,유학/워홀,,,상따모,https://cafe.naver.com/intereducafe,12763,,,O
cf-0898,맘/학습맘,맘카페,서울,"서초,방배",마방,https://cafe.naver.com/bangbaedongmom,10623,,,O
cf-0899,맘/학습맘,맘카페,충남,아산,아수라,https://cafe.naver.com/mybabyboo,8497,,O,O
cf-0900,맘/학습맘,맘카페,충남,,충남맘스파파,https://cafe.naver.com/chungpick,4859,,,O
cf-0901,직장인/업종/창업/취업,업종/직종,,,나숙자,https://cafe.naver.com/hisub2,11675,,,O
cf-0902,맛집/문화/캠핑/친목,친목,,,쭉빵카페,https://cafe.naver.com/zzukbbangcom,11751,,,O
cf-0903,직장인/업종/창업/취업,취업,,,스타오디션,https://cafe.naver.com/smtowncafe,97208,,,O
cf-0904,생활/인테리어/중고/IT기기,생활가전,,,모두의체험,https://cafe.naver.com/maxianpmp,75506,,,O
cf-0905,결혼/뷰티/요리/패션,뷰티/미용,,,꿈꾸는여우,https://cafe.naver.com/haptic750/,51341,,,O
cf-0906,맘/학습맘,맘카페,경기도,이천,이천맘모여라,https://cafe.naver.com/loveofbundang,19911,,,O
cf-0907,맘/학습맘,맘카페,대구,대구,대구맘 놀이터,https://cafe.naver.com/daegumomstory,16652,,,O
cf-0908,맘/학습맘,맘카페,대구,동구,☆ 대구 혁신도시맘 And 동구맘 수다방 !,https://cafe.naver.com/daegumomsuda,9591,,,O
cf-0909,직장인/업종/창업/취업,업종/직종,,,언특모,https://cafe.naver.com/imslp,50487,,,O
cf-0910,부동산/코인/재테크,부동산,,,수원닷컴,https://cafe.naver.com/peter95,55014,,,O
cf-0911,부동산/코인/재테크,부동산,,,수원부동산마을,https://cafe.naver.com/ekfzhagksdhsfkdls,42417,,,O
cf-0912,맘/학습맘,맘카페,경기,양주,양주캐슬,https://cafe.naver.com/delpia,27254,,,O
cf-0913,맛집/문화/캠핑/친목,친목,경기,"양주,옥정",양주 옥토피아,https://cafe.naver.com/momland,35979,,,O
cf-0914,맘/학습맘,맘카페,경기,고양,고양맘들의맘껏수다,https://cafe.naver.com/pumasi0065,15216,,,O
cf-0915,부동산/코인/재테크,부동산,경기,"고양,향동,덕은,일산,삼송",올댓고양,https://cafe.naver.com/thtufs,69440,,,O
cf-0916,맘/학습맘,맘카페,경기,"이천,여주,곤지암",수다떠는 이천맘,https://cafe.naver.com/bane1,14848,,,O
cf-0917,생활/인테리어/중고/IT기기,컴퓨터/통신,,,하코사,https://cafe.naver.com/hacosa.cafe,104916,,,O
cf-0918,맛집/문화/캠핑/친목,친목,,,더먹자,https://cafe.naver.com/themukja,237955,,,O
cf-0919,해외/국내여행,여행,,,두바이 그리고 아부다비로의 여행,https://cafe.naver.com/stop2dubai,32773,,,O
cf-0920,맛집/문화/캠핑/친목,맛집,서울,,맛집가이드,https://cafe.naver.com/moonshomme,74903,,,O
cf-0921,직장인/업종/창업/취업,친목,서울,서울특별시 강서구,화도사,https://cafe.naver.com/runaway10,57515,,,O
cf-0922,직장인/업종/창업/취업,창업,,,창업인사이드,https://cafe.naver.com/minibikemania,70134,,,O
cf-0923,직장인/업종/창업/취업,창업,,,창플,https://cafe.naver.com/cjdckddus,22388,,,O
cf-0924,직장인/업종/창업/취업,창업,,,점공사,https://cafe.naver.com/cora41,21583,,,O
cf-0925,직장인/업종/창업/취업,창업,,,고독한사장들,https://cafe.naver.com/82car82tr,3149,,,O
cf-0926,직장인/업종/창업/취업,창업,,,화장품종사자모임,https://cafe.naver.com/cosmeticsinfo,29027,,,O
cf-0927,부동산/코인/재테크,코인/재테크,충남,충청남도 천안시,텐인텐천안아산,https://cafe.naver.com/fmshb2,143790,,,O
cf-0928,건강/운동/스포츠,스포츠,서울,서울특별시,휴먼레이스,https://cafe.naver.com/humanrace,34821,,,O
cf-0929,부동산/코인/재테크,코인/재테크,,,패밀리치,https://cafe.naver.com/oh6666,105340,,,O
cf-0930,부동산/코인/재테크,코인/재테크,서울,서울특별시,재테크로 돈버는 사람들,https://cafe.naver.com/minnog1409,14182,,,O
cf-0931,부동산/코인/재테크,코인/재테크,,,재테크 프렌즈,https://cafe.naver.com/firesoon,11155,,,O
cf-0932,부동산/코인/재테크,코인/재테크,서울,서울특별시,백학도사,https://cafe.naver.com/lotto100hak,62294,,,O
cf-0933,부동산/코인/재테크,코인/재테크,,아시아 기타,파워로또,https://cafe.naver.com/lottoking,56313,,,O
cf-0934,직장인/업종/창업/취업,친목,서울,서울특별시,슬기로운 회사생활,https://cafe.naver.com/gksisalth,12828,,,O
cf-0935,맘/학습맘,맘카페,경북,경상북도 경주시,경주맘스토리,https://cafe.naver.com/languagestudyabroad,20344,,,O
cf-0936,부동산/코인/재테크,코인/재테크,,,로또9단,https://cafe.naver.com/9lotto,18035,,,O
cf-0937,직장인/업종/창업/취업,친목,,,법돌이카페,https://cafe.naver.com/sjs986,160920,,,O
cf-0938,맘/학습맘,맘카페,제주,제주특별자치도,안밥모,https://cafe.naver.com/anbabmo,108828,,,O
cf-0939,맘/학습맘,교육/학습맘,서울,서울특별시 강남구,강남 시크릿,https://cafe.naver.com/jeoy,39567,,,O
cf-0940,맘/학습맘,맘카페,제주,제주특별자치도,안밥모,https://cafe.naver.com/anbabmo,108828,,,O
